-- phpMyAdmin SQL Dump
-- version 5.2.1
-- https://www.phpmyadmin.net/
--
-- Host: 127.0.0.1
-- Generation Time: Jun 03, 2026 at 02:11 AM
-- Server version: 10.4.32-MariaDB
-- PHP Version: 8.0.30

SET SQL_MODE = "NO_AUTO_VALUE_ON_ZERO";
START TRANSACTION;
SET time_zone = "+00:00";
SET FOREIGN_KEY_CHECKS = 0;


/*!40101 SET @OLD_CHARACTER_SET_CLIENT=@@CHARACTER_SET_CLIENT */;
/*!40101 SET @OLD_CHARACTER_SET_RESULTS=@@CHARACTER_SET_RESULTS */;
/*!40101 SET @OLD_COLLATION_CONNECTION=@@COLLATION_CONNECTION */;
/*!40101 SET NAMES utf8mb4 */;

--
-- Database: `gakumas_sms`
--

--
-- Dumping data for table `daily_student_stats`
--

INSERT INTO `daily_student_stats` (`id`, `student_id`, `stat_date`, `vocal`, `dance`, `visual`, `created_at`, `updated_at`) VALUES
(0, 1, '2026-05-28', 75, 75, 80, '2026-05-28 14:59:21', '2026-05-28 14:59:21'),
(0, 1, '2026-05-28', 75, 75, 80, '2026-05-28 15:04:16', '2026-05-28 15:04:16'),
(0, 1, '2026-05-28', 75, 75, 80, '2026-05-28 15:05:12', '2026-05-28 15:05:12'),
(0, 1, '2026-05-28', 75, 75, 80, '2026-05-28 15:05:14', '2026-05-28 15:05:14'),
(0, 1, '2026-05-28', 75, 75, 80, '2026-05-28 15:05:15', '2026-05-28 15:05:15'),
(0, 1, '2026-05-28', 75, 75, 80, '2026-05-28 15:05:48', '2026-05-28 15:05:48'),
(0, 1, '2026-05-28', 75, 75, 80, '2026-05-28 15:06:28', '2026-05-28 15:06:28'),
(0, 1, '2026-05-28', 75, 75, 80, '2026-05-28 15:06:29', '2026-05-28 15:06:29'),
(0, 1, '2026-05-28', 75, 75, 80, '2026-05-28 15:07:22', '2026-05-28 15:07:22'),
(0, 2, '2026-05-28', 75, 65, 55, '2026-05-28 15:09:08', '2026-05-28 15:09:08'),
(0, 2, '2026-05-28', 75, 65, 55, '2026-05-28 15:09:22', '2026-05-28 15:09:22'),
(0, 2, '2026-05-28', 75, 65, 55, '2026-05-28 15:19:32', '2026-05-28 15:19:32'),
(0, 2, '2026-05-28', 75, 65, 55, '2026-05-28 15:28:09', '2026-05-28 15:28:09'),
(0, 2, '2026-05-28', 75, 65, 55, '2026-05-28 15:28:18', '2026-05-28 15:28:18'),
(0, 2, '2026-05-28', 75, 65, 55, '2026-05-28 15:39:41', '2026-05-28 15:39:41'),
(0, 2, '2026-05-28', 75, 65, 55, '2026-05-28 15:42:39', '2026-05-28 15:42:39'),
(0, 2, '2026-05-28', 75, 65, 55, '2026-05-28 15:44:30', '2026-05-28 15:44:30'),
(0, 2, '2026-05-28', 75, 65, 55, '2026-05-28 15:53:49', '2026-05-28 15:53:49'),
(0, 2, '2026-05-28', 75, 65, 55, '2026-05-28 15:53:51', '2026-05-28 15:53:51'),
(0, 2, '2026-05-28', 75, 65, 55, '2026-05-28 15:53:52', '2026-05-28 15:53:52'),
(0, 2, '2026-05-28', 75, 65, 55, '2026-05-28 15:53:55', '2026-05-28 15:53:55'),
(0, 2, '2026-05-28', 75, 65, 55, '2026-05-28 15:53:57', '2026-05-28 15:53:57'),
(0, 2, '2026-05-28', 75, 65, 55, '2026-05-28 15:53:58', '2026-05-28 15:53:58'),
(0, 2, '2026-05-28', 75, 65, 55, '2026-05-28 15:53:59', '2026-05-28 15:53:59'),
(0, 3, '2026-05-28', 65, 55, 75, '2026-05-28 15:58:24', '2026-05-28 15:58:24'),
(0, 3, '2026-05-28', 65, 55, 75, '2026-05-28 15:59:14', '2026-05-28 15:59:14'),
(0, 3, '2026-05-28', 65, 55, 75, '2026-05-28 15:59:16', '2026-05-28 15:59:16'),
(0, 3, '2026-05-28', 65, 55, 75, '2026-05-28 15:59:17', '2026-05-28 15:59:17'),
(0, 3, '2026-05-28', 65, 55, 75, '2026-05-28 16:00:17', '2026-05-28 16:00:17'),
(0, 1, '2026-05-28', 75, 75, 80, '2026-05-28 16:00:32', '2026-05-28 16:00:32'),
(0, 2, '2026-05-28', 75, 65, 55, '2026-05-28 16:01:07', '2026-05-28 16:01:07'),
(0, 2, '2026-05-28', 75, 65, 55, '2026-05-28 16:20:48', '2026-05-28 16:20:48'),
(0, 1, '2026-05-28', 75, 75, 80, '2026-05-28 16:42:44', '2026-05-28 16:42:44'),
(0, 1, '2026-05-28', 75, 75, 80, '2026-05-28 17:26:13', '2026-05-28 17:26:13'),
(0, 1, '2026-05-28', 75, 75, 80, '2026-05-28 17:34:26', '2026-05-28 17:34:26'),
(0, 4, '2026-05-28', 55, 55, 65, '2026-05-28 17:52:10', '2026-05-28 17:52:10'),
(0, 5, '2026-05-28', 65, 55, 65, '2026-05-28 17:52:58', '2026-05-28 17:52:58'),
(0, 5, '2026-05-28', 65, 55, 65, '2026-05-28 17:54:17', '2026-05-28 17:54:17'),
(0, 5, '2026-05-28', 65, 55, 65, '2026-05-28 17:54:39', '2026-05-28 17:54:39'),
(0, 4, '2026-05-28', 55, 55, 65, '2026-05-28 17:56:18', '2026-05-28 17:56:18'),
(0, 5, '2026-05-28', 65, 55, 65, '2026-05-28 17:57:19', '2026-05-28 17:57:19'),
(0, 5, '2026-05-28', 65, 55, 65, '2026-05-28 17:57:40', '2026-05-28 17:57:40'),
(0, 5, '2026-05-28', 65, 55, 65, '2026-05-28 17:57:52', '2026-05-28 17:57:52'),
(0, 5, '2026-05-28', 65, 55, 65, '2026-05-28 17:58:36', '2026-05-28 17:58:36'),
(0, 5, '2026-05-28', 65, 55, 65, '2026-05-28 17:58:37', '2026-05-28 17:58:37'),
(0, 5, '2026-05-28', 65, 55, 65, '2026-05-28 17:58:38', '2026-05-28 17:58:38'),
(0, 5, '2026-05-28', 65, 55, 65, '2026-05-28 17:58:40', '2026-05-28 17:58:40'),
(0, 5, '2026-05-28', 65, 55, 65, '2026-05-28 17:58:41', '2026-05-28 17:58:41'),
(0, 5, '2026-05-28', 65, 55, 65, '2026-05-28 17:58:42', '2026-05-28 17:58:42'),
(0, 5, '2026-05-28', 65, 55, 65, '2026-05-28 17:58:44', '2026-05-28 17:58:44'),
(0, 5, '2026-05-28', 65, 55, 65, '2026-05-28 17:58:54', '2026-05-28 17:58:54'),
(0, 4, '2026-05-29', 55, 55, 65, '2026-05-29 09:11:38', '2026-05-29 09:11:38'),
(0, 5, '2026-05-29', 65, 55, 65, '2026-05-29 09:12:01', '2026-05-29 09:12:01'),
(0, 4, '2026-05-29', 55, 55, 65, '2026-05-29 22:19:17', '2026-05-29 22:19:17'),
(0, 4, '2026-05-29', 55, 55, 65, '2026-05-29 22:19:22', '2026-05-29 22:19:22'),
(0, 4, '2026-05-30', 55, 55, 65, '2026-05-30 21:52:15', '2026-05-30 21:52:15'),
(0, 4, '2026-05-31', 55, 55, 65, '2026-05-31 17:52:50', '2026-05-31 17:52:50'),
(0, 4, '2026-05-31', 55, 55, 65, '2026-05-31 20:57:17', '2026-05-31 20:57:17'),
(0, 5, '2026-06-01', 65, 55, 65, '2026-06-01 19:44:53', '2026-06-01 19:44:53'),
(0, 2, '2026-06-01', 75, 65, 55, '2026-06-01 19:46:20', '2026-06-01 19:46:20'),
(0, 2, '2026-06-01', 75, 65, 55, '2026-06-01 22:54:32', '2026-06-01 22:54:32'),
(0, 6, '2026-06-01', 55, 55, 60, '2026-06-01 22:56:19', '2026-06-01 22:56:19'),
(0, 6, '2026-06-01', 55, 55, 60, '2026-06-01 23:14:38', '2026-06-01 23:14:38'),
(0, 6, '2026-06-01', 55, 55, 60, '2026-06-01 23:24:18', '2026-06-01 23:24:18'),
(0, 6, '2026-06-01', 55, 55, 60, '2026-06-01 23:24:20', '2026-06-01 23:24:20'),
(0, 6, '2026-06-01', 55, 55, 60, '2026-06-01 23:24:22', '2026-06-01 23:24:22'),
(0, 7, '2026-06-01', 55, 55, 60, '2026-06-01 23:24:44', '2026-06-01 23:24:44'),
(0, 9, '2026-06-01', 65, 70, 80, '2026-06-01 23:35:39', '2026-06-01 23:35:39'),
(0, 8, '2026-06-01', 50, 60, 60, '2026-06-01 23:36:09', '2026-06-01 23:36:09'),
(0, 8, '2026-06-02', 50, 60, 60, '2026-06-02 09:16:05', '2026-06-02 09:16:05'),
(0, 9, '2026-06-02', 65, 70, 80, '2026-06-02 09:16:31', '2026-06-02 09:16:31'),
(0, 2, '2026-06-03', 75, 65, 55, '2026-06-03 07:40:36', '2026-06-03 07:40:36'),
(0, 2, '2026-06-03', 75, 65, 55, '2026-06-03 08:04:28', '2026-06-03 08:04:28'),
(0, 2, '2026-06-03', 75, 65, 55, '2026-06-03 08:05:44', '2026-06-03 08:05:44'),
(0, 2, '2026-06-03', 75, 65, 55, '2026-06-03 08:05:49', '2026-06-03 08:05:49'),
(0, 2, '2026-06-03', 75, 65, 55, '2026-06-03 08:05:50', '2026-06-03 08:05:50'),
(0, 1, '2026-06-03', 75, 75, 80, '2026-06-03 08:06:06', '2026-06-03 08:06:06'),
(0, 2, '2026-06-03', 75, 65, 55, '2026-06-03 08:06:26', '2026-06-03 08:06:26');

--
-- Dumping data for table `producer_messages`
--

INSERT INTO `producer_messages` (`id`, `producer_id`, `student_id`, `message_type`, `tone`, `message_text`) VALUES
(1, 1, 1, 'morning', 'firm', 'Morning, Saki. I know you already finished your 5km run. Save some energy for the lessons.'),
(2, 1, 1, 'morning', 'warm', 'Good morning. Up before sunrise again? Of course you were. Let\'s make today count.'),
(3, 1, 1, 'morning', 'playful', 'Morning, champ. Try not to lap the other students before first period this time.'),
(4, 1, 1, 'afternoon', 'warm', 'Halfway through the day and still going strong. Hydrate before dance practice.'),
(5, 1, 1, 'afternoon', 'firm', 'Afternoon. Don\'t let the energy drop now — finish the day as hard as you started it.'),
(6, 1, 1, 'afternoon', 'gentle', 'Quick check-in. You\'ve done plenty already today. Pace yourself through the rest.'),
(7, 1, 1, 'evening', 'gentle', 'Long day. You pushed hard — now actually let yourself wind down tonight.'),
(8, 1, 1, 'evening', 'warm', 'Good work today, Saki. Stretch, eat properly, and get real sleep. You earned it.'),
(9, 1, 1, 'evening', 'firm', 'It\'s evening. Training\'s over for the day. No \"one more set\" — go rest.'),
(10, 1, 1, 'low_vocal', 'serious', 'Your vocals slipped a little today. Breath control drills tomorrow — you\'ll close the gap fast.'),
(11, 1, 1, 'low_vocal', 'warm', 'Vocals weren\'t your best today, but you\'ve fixed bigger gaps than this. We\'ll work it.'),
(12, 1, 1, 'low_vocal', 'firm', 'The singing was off. Don\'t spiral over it — just channel that frustration into practice.'),
(13, 1, 1, 'low_dance', 'firm', 'Dance was below your usual standard. Unusual for you. Rest up, then we hit it again.'),
(14, 1, 1, 'low_dance', 'serious', 'Your footwork was tired today. That tells me you\'re overtraining. Ease off, then rebuild.'),
(15, 1, 1, 'low_dance', 'gentle', 'Even you have off days on the floor. One rough session doesn\'t erase all your work.'),
(16, 1, 1, 'low_visual', 'warm', 'Visual\'s your weaker area, and that\'s fine. We\'ll work the expressions until they\'re natural.'),
(17, 1, 1, 'low_visual', 'gentle', 'Posing felt stiff today. Relax your shoulders — you\'re competing, not bracing for impact.'),
(18, 1, 1, 'low_visual', 'serious', 'Visual scores need attention. Let\'s schedule extra camera time — you close gaps fast when focused.'),
(19, 1, 1, 'audition_day', 'firm', 'Audition day. You\'ve trained harder than anyone. Don\'t overthink — just show them what you\'ve got.'),
(20, 1, 1, 'audition_day', 'warm', 'Today\'s the stage. All those early runs and late practices? This is where they pay off.'),
(21, 1, 1, 'audition_day', 'serious', 'Audition day, Saki. Win or lose, leave nothing on the table. That\'s all I ask.'),
(22, 1, 1, 'rest_day', 'firm', 'It\'s a rest day. That means REST, Saki. Put the running shoes down. That\'s an order.'),
(23, 1, 1, 'rest_day', 'gentle', 'Take today off properly. Recovery is when the body actually gets stronger — trust me on this.'),
(24, 1, 1, 'rest_day', 'playful', 'Rest day. I\'ve hidden your running shoes. Don\'t bother looking — go relax instead.'),
(25, 1, 1, 'good_progress', 'warm', 'Your numbers are climbing every week. The discipline is paying off — I\'m proud of you.'),
(26, 1, 1, 'good_progress', 'firm', 'Solid progress. This is what consistency looks like. Keep the momentum, don\'t coast.'),
(27, 1, 1, 'good_progress', 'gentle', 'You\'re growing into your own idol, not anyone\'s rival. That\'s the best progress of all.'),
(28, 1, 2, 'morning', 'playful', 'Good morning. You actually woke up on time today — small miracles. Breakfast is the healthy one.'),
(29, 1, 2, 'morning', 'gentle', 'Morning, Temari. Take it slow if you need to, just don\'t fall back asleep on me.'),
(30, 1, 2, 'morning', 'warm', 'Up and ready? Good. The cool, composed Temari the fans love starts the moment you step out.'),
(31, 1, 2, 'afternoon', 'gentle', 'Afternoon check-in. Stay focused through the next lesson, then you can have your break.'),
(32, 1, 2, 'afternoon', 'playful', 'Halfway done. Yes, there\'s a snack break later. No, it\'s not cake. We discussed this.'),
(33, 1, 2, 'afternoon', 'warm', 'You\'re doing fine today. Push through the afternoon and the evening is yours.'),
(34, 1, 2, 'evening', 'warm', 'You did well today, even if you\'d never admit it out loud. Get some real sleep tonight.'),
(35, 1, 2, 'evening', 'gentle', 'Evening. The act can come off now — relax, you worked harder than you let on.'),
(36, 1, 2, 'evening', 'playful', 'Day\'s done. One small sweet won\'t hurt. ONE, Temari. I\'m watching.'),
(37, 1, 2, 'low_vocal', 'gentle', 'Vocals dipped a bit today — surprising, since it\'s your strength. Just an off day, nothing more.'),
(38, 1, 2, 'low_vocal', 'serious', 'Even your specialty needs upkeep. Don\'t coast on talent — a little practice keeps it sharp.'),
(39, 1, 2, 'low_vocal', 'warm', 'Not your sharpest singing today, but your baseline is still higher than most. Rest and reset.'),
(40, 1, 2, 'low_dance', 'serious', 'Dance needs more from you. I know the pace bores you, but the effort will show on stage.'),
(41, 1, 2, 'low_dance', 'firm', 'You held back in dance again. I can tell the difference between tired and uninterested.'),
(42, 1, 2, 'low_dance', 'playful', 'Your dance today had the energy of a nap. Let\'s find some actual enthusiasm tomorrow, hm?'),
(43, 1, 2, 'low_visual', 'playful', 'Visual scores are sleepy today, like someone I know. Let\'s wake those poses up tomorrow.'),
(44, 1, 2, 'low_visual', 'gentle', 'Your expressions read a little flat today. A bit more feeling and they\'ll land beautifully.'),
(45, 1, 2, 'low_visual', 'serious', 'Visual could use work. You have the look — now give the camera something behind the eyes.'),
(46, 1, 2, 'audition_day', 'firm', 'Audition day. Drop the cool act for the judges and actually let them see how good you are.'),
(47, 1, 2, 'audition_day', 'warm', 'Today\'s your stage. You\'ve done this before as the No.1 — that idol is still in there. Show them.'),
(48, 1, 2, 'audition_day', 'gentle', 'Audition day. No pressure act needed. Just be the performer I already know you are.'),
(49, 1, 2, 'rest_day', 'gentle', 'Rest day — your favorite. Enjoy it. You\'ve earned the downtime, sweets included. In moderation.'),
(50, 1, 2, 'rest_day', 'playful', 'Rest day. I know you\'ll spend it napping. At least nap somewhere comfortable this time.'),
(51, 1, 2, 'rest_day', 'warm', 'Take the day fully off. Recharge properly — you\'re better when you\'re actually rested.'),
(52, 1, 2, 'good_progress', 'warm', 'You\'re improving steadily, and the talent\'s finally meeting the effort. Keep this up.'),
(53, 1, 2, 'good_progress', 'playful', 'Look at you, working hard AND it\'s showing. Who is this person? I like her.'),
(54, 1, 2, 'good_progress', 'gentle', 'Real progress this week. See what happens when you let yourself try? Proud of you.'),
(55, 1, 3, 'morning', 'warm', 'Morning, Kotone. Big day ahead. Don\'t skip breakfast just to make an early shift.'),
(56, 1, 3, 'morning', 'playful', 'Good morning, hardest worker in the academy. Lessons first, money later. Deal?'),
(57, 1, 3, 'morning', 'gentle', 'Morning. You looked tired yesterday — please tell me you slept and didn\'t take a night shift.'),
(58, 1, 3, 'afternoon', 'playful', 'Afternoon already. Lesson first, then your shift — and yes, payday is on Friday.'),
(59, 1, 3, 'afternoon', 'warm', 'Doing great so far today. Eat something before you head off to work, alright?'),
(60, 1, 3, 'afternoon', 'firm', 'Afternoon. Finish the lesson properly before you start counting tonight\'s tips in your head.'),
(61, 1, 3, 'evening', 'gentle', 'You worked a full day AND a shift. That\'s enough. Go home and rest, please.'),
(62, 1, 3, 'evening', 'warm', 'Long day, hard worker. You did well. Now actually stop and take care of yourself tonight.'),
(63, 1, 3, 'evening', 'firm', 'It\'s evening. No picking up \"just one more\" shift. Rest is part of the investment too.'),
(64, 1, 3, 'low_vocal', 'warm', 'Vocals were a touch flat today. You\'re tired from overworking — a little rest fixes this.'),
(65, 1, 3, 'low_vocal', 'serious', 'Your singing slipped. I think the shifts are catching up to you. Something has to give.'),
(66, 1, 3, 'low_vocal', 'gentle', 'Not your best vocals today, but nothing sleep can\'t fix. Be kinder to yourself, okay?'),
(67, 1, 3, 'low_dance', 'serious', 'Dance is your strong stat, so today\'s dip tells me you\'re exhausted. Let\'s cut a shift this week.'),
(68, 1, 3, 'low_dance', 'firm', 'Your dance was off, and that\'s rare for you. The overwork is the problem. We\'re fixing your schedule.'),
(69, 1, 3, 'low_dance', 'warm', 'Even your best stat had an off day. You\'re running on empty — let me help lighten the load.'),
(70, 1, 3, 'low_visual', 'playful', 'Visual scores low? Impossible with that face. Just looked tired — get some sleep, superstar.'),
(71, 1, 3, 'low_visual', 'gentle', 'Your expressions were a bit dim today. That\'s exhaustion, not ability. Rest and you\'ll glow again.'),
(72, 1, 3, 'low_visual', 'serious', 'Visual dipped today. You rely on it for paid work, so let\'s protect it — that means resting.'),
(73, 1, 3, 'audition_day', 'firm', 'Audition day. This is the stage that actually pays off. Show them the confidence I know you have.'),
(74, 1, 3, 'audition_day', 'warm', 'Today\'s the big one. Forget the side jobs for a few hours — THIS is the real investment.'),
(75, 1, 3, 'audition_day', 'playful', 'Audition day. Go dazzle them. Think of the future endorsement money, if that helps motivate you.'),
(76, 1, 3, 'rest_day', 'firm', 'Rest day means no shifts. I checked the schedule — I know you tried to sneak one in. Rest.'),
(77, 1, 3, 'rest_day', 'gentle', 'Please take today off completely. No work. Your health is worth more than any paycheck.'),
(78, 1, 3, 'rest_day', 'warm', 'Day off, Kotone. Treat yourself to something nice with what you\'ve saved. You deserve it.'),
(79, 1, 3, 'good_progress', 'warm', 'Your progress is fantastic, and yes — there\'s a reward for it. You earned every bit of it.'),
(80, 1, 3, 'good_progress', 'playful', 'Numbers are up across the board. At this rate the sponsors will be fighting over you. Love it.'),
(81, 1, 3, 'good_progress', 'gentle', 'You\'re growing so much. Whatever goal that money is for, you\'re getting closer every week.'),
(82, 1, 4, 'morning', 'gentle', 'Good morning, Lilja. Take your time waking up — there\'s no rush. I\'m here when you\'re ready.'),
(83, 1, 4, 'morning', 'warm', 'Morning. You looked nervous yesterday, so today let\'s start small and easy together.'),
(84, 1, 4, 'morning', 'gentle', 'Hyvää huomenta, Lilja. Whichever language wakes you up gentler — both work for me.'),
(85, 1, 4, 'afternoon', 'warm', 'Afternoon check-in. You\'ve done well so far. Breathe — the hard part is already behind you.'),
(86, 1, 4, 'afternoon', 'gentle', 'How are you holding up? If anything\'s overwhelming you, please tell me. We can adjust.'),
(87, 1, 4, 'afternoon', 'warm', 'You\'re halfway through the day. Quietly proud of how you\'re handling everything.'),
(88, 1, 4, 'evening', 'gentle', 'Evening, Lilja. You worked hard today. Don\'t replay the small mistakes — just rest.'),
(89, 1, 4, 'evening', 'warm', 'Day\'s done, and you got through it. That itself is something to feel good about.'),
(90, 1, 4, 'evening', 'gentle', 'Sleep well tonight. Tomorrow\'s a new day, and you don\'t have to be perfect for it.'),
(91, 1, 4, 'low_vocal', 'gentle', 'Your voice was a little quiet today. Not bad — just shy. Let\'s find that volume together.'),
(92, 1, 4, 'low_vocal', 'warm', 'Vocals will come with confidence, and confidence comes with time. We\'re in no hurry.'),
(93, 1, 4, 'low_vocal', 'serious', 'Your singing has potential people don\'t see yet because you hold back. Let\'s work on letting go.'),
(94, 1, 4, 'low_dance', 'gentle', 'Dance felt uncertain today. That\'s okay — your movements get prettier when you stop overthinking.'),
(95, 1, 4, 'low_dance', 'warm', 'Tough dance session, hm? Don\'t apologize. We just keep practicing until it feels natural.'),
(96, 1, 4, 'low_dance', 'gentle', 'You hesitated a lot on the floor today. Trust your body — it knows more than you think.'),
(97, 1, 4, 'low_visual', 'warm', 'Visual was a little tense today. You\'re beautiful when you\'re relaxed — just breathe and smile.'),
(98, 1, 4, 'low_visual', 'gentle', 'The camera caught some stiffness today. It happens. We\'ll do a softer set tomorrow.'),
(99, 1, 4, 'low_visual', 'serious', 'You have everything a top idol needs visually. The only thing missing is believing it yourself.'),
(100, 1, 4, 'audition_day', 'gentle', 'Audition day. Nervous is normal. Whatever happens out there, I\'m proud of you for going.'),
(101, 1, 4, 'audition_day', 'warm', 'Today\'s the day. Remember — you don\'t have to be perfect. You just have to be yourself.'),
(102, 1, 4, 'audition_day', 'firm', 'Audition day. You\'ve trained for this. You belong on that stage as much as anyone — go show them.'),
(103, 1, 4, 'rest_day', 'gentle', 'Rest day. Take it slow, read, call home — whatever makes you feel calm. You\'ve earned it.'),
(104, 1, 4, 'rest_day', 'warm', 'Day off today. Please rest properly — no quietly practicing in your room thinking I won\'t notice.'),
(105, 1, 4, 'rest_day', 'gentle', 'A full rest day, Lilja. The world won\'t end if you take care of yourself for one day. Promise.'),
(106, 1, 4, 'good_progress', 'warm', 'Your progress this week was real, and visible. I hope you can see it the way I do.'),
(107, 1, 4, 'good_progress', 'gentle', 'You\'re growing, Lilja. Quietly, steadily — exactly the way that lasts. Very proud.'),
(108, 1, 4, 'good_progress', 'serious', 'The numbers don\'t lie. You\'re improving fast. Now it\'s time to believe what the results say.'),
(109, 1, 5, 'morning', 'warm', 'Morning, Sumika! You sound ready to take on the world already. Channel it into the lessons today.'),
(110, 1, 5, 'morning', 'playful', 'Good morning, captain. Pre-game pep talk: stretch, eat, smile — in that order. Let\'s go.'),
(111, 1, 5, 'morning', 'firm', 'Morning. I know you\'re fired up, but pace yourself — full day ahead, not a sprint.'),
(112, 1, 5, 'afternoon', 'warm', 'Afternoon, and you\'re still going strong. That sports background really shows in your stamina.'),
(113, 1, 5, 'afternoon', 'playful', 'Halftime, Sumika. Grab water, catch your breath, then we\'re back on the court.'),
(114, 1, 5, 'afternoon', 'firm', 'Good work this morning. Stay sharp — afternoon lessons are where your focus tends to slip.'),
(115, 1, 5, 'evening', 'gentle', 'Evening, Sumika. You went full speed all day. Now actually slow down — cooldown counts too.'),
(116, 1, 5, 'evening', 'warm', 'Long day, well played. Stretch properly tonight or your legs will hate you tomorrow.'),
(117, 1, 5, 'evening', 'firm', 'Day\'s over. No extra training tonight — recovery is part of the program, not a bonus.'),
(118, 1, 5, 'low_vocal', 'warm', 'Vocals dipped today — probably out of breath from putting your whole body into it. Let\'s pace it.'),
(119, 1, 5, 'low_vocal', 'serious', 'Singing isn\'t a sprint, Sumika. Less power, more control — your vocals will climb fast that way.'),
(120, 1, 5, 'low_vocal', 'gentle', 'A little off-key today, but the energy was there. We just need to tune the instrument now.'),
(121, 1, 5, 'low_dance', 'firm', 'Dance was below your level today. The athleticism is there — focus on hitting the counts cleanly.'),
(122, 1, 5, 'low_dance', 'serious', 'You moved fast but messy in dance. Precision over speed — that\'s the next step for you.'),
(123, 1, 5, 'low_dance', 'warm', 'Tougher dance session than usual. Don\'t take it to heart — your fundamentals are still solid.'),
(124, 1, 5, 'low_visual', 'gentle', 'Visual scores were lower today. Sometimes that big smile needs a moment of softness too. We\'ll practice.'),
(125, 1, 5, 'low_visual', 'serious', 'Visual needs work. You\'ve got the bright presence — now we add expression range to go with it.'),
(126, 1, 5, 'low_visual', 'playful', 'Your \"game face\" was a little too game today. Let\'s find some other expressions to add to the lineup.'),
(127, 1, 5, 'audition_day', 'firm', 'Audition day. Treat it like a final match — leave it all on the stage. You\'ve got this, Sumika.'),
(128, 1, 5, 'audition_day', 'warm', 'Today\'s your game day. All that training, all that sweat — go show them what you can do.'),
(129, 1, 5, 'audition_day', 'playful', 'Big match today. Pre-game ritual: deep breath, big smile, then knock \'em flat. Go!'),
(130, 1, 5, 'rest_day', 'firm', 'Rest day, Sumika. I know that\'s harder for you than training. Sit still. That\'s the assignment.'),
(131, 1, 5, 'rest_day', 'gentle', 'Day off today. Even athletes have recovery days — your body grows stronger when you actually rest.'),
(132, 1, 5, 'rest_day', 'warm', 'Full rest day. Do something fun, see friends, whatever\'s NOT a workout. You\'ve earned it.'),
(133, 1, 5, 'good_progress', 'warm', 'Your numbers are up, your energy is up — you\'re in great form right now. Keep this rhythm going.'),
(134, 1, 5, 'good_progress', 'firm', 'Strong week, Sumika. The effort is showing on the scoreboard. This is how champions train.'),
(135, 1, 5, 'good_progress', 'playful', 'Look at you climbing the rankings. The whole team is going to have to catch up to you at this rate.'),
(136, 1, 6, 'morning', 'gentle', 'Good morning, Hiro. I saw the library light on late again last night. Please eat before you read today.'),
(137, 1, 6, 'morning', 'warm', 'Morning. Your study habits are admirable, but your idol career needs you awake too. Coffee\'s on me.'),
(138, 1, 6, 'morning', 'playful', 'Good morning, scholar. Pop quiz: did you actually sleep last night? Show your work.'),
(139, 1, 6, 'afternoon', 'warm', 'Afternoon check-in. Your morning research went deep — don\'t lose track of time before the next lesson.'),
(140, 1, 6, 'afternoon', 'firm', 'It\'s afternoon. Stop replaying this morning\'s vocal session in your head. You did fine.'),
(141, 1, 6, 'afternoon', 'serious', 'Halfway through the day. Trust your prep — you over-prepare more than anyone else here.'),
(142, 1, 6, 'evening', 'gentle', 'Evening, Hiro. The library will still be there tomorrow. Please close the books tonight.'),
(143, 1, 6, 'evening', 'firm', 'It\'s evening. No more research today. Even geniuses need sleep — we\'ve had this conversation.'),
(144, 1, 6, 'evening', 'warm', 'Day\'s done. You worked hard, both physically and mentally. Take pride in that and rest.'),
(145, 1, 6, 'low_vocal', 'serious', 'Your vocals slipped today — I think you\'re analyzing each note instead of letting it flow. Less head, more heart.'),
(146, 1, 6, 'low_vocal', 'gentle', 'Vocals were a bit stiff today. You sing better when you stop trying to be perfect.'),
(147, 1, 6, 'low_vocal', 'warm', 'Today\'s singing was tense. The notes were right; the feeling needs to catch up. We\'ll work on it.'),
(148, 1, 6, 'low_dance', 'firm', 'Dance was below your level today. You\'re thinking through every count instead of moving with the music.'),
(149, 1, 6, 'low_dance', 'serious', 'Your dance was mechanical today. Technically clean — but cold. Let yourself feel the rhythm.'),
(150, 1, 6, 'low_dance', 'gentle', 'Dance felt overthought today. Trust your body — it doesn\'t need your brain micromanaging every step.'),
(151, 1, 6, 'low_visual', 'warm', 'Visual was a bit blank today. You have lovely features — let emotion through and the camera will love you.'),
(152, 1, 6, 'low_visual', 'serious', 'Your expressions today read as reading. Stop calculating the angle — just feel something on camera.'),
(153, 1, 6, 'low_visual', 'gentle', 'Visual scores low today. Try not to compose your face like an essay. A real smile will outperform any pose.'),
(154, 1, 6, 'audition_day', 'firm', 'Audition day, Hiro. You\'ve studied every angle of this. Now stop preparing and just perform.'),
(155, 1, 6, 'audition_day', 'warm', 'Today\'s the stage. You\'ve done the work three times over — trust it and let yourself shine.'),
(156, 1, 6, 'audition_day', 'serious', 'Audition day. The thinking is done. From here, your job is to feel, not analyze.'),
(157, 1, 6, 'rest_day', 'firm', 'Rest day. The library is closed to you today. I will check.'),
(158, 1, 6, 'rest_day', 'gentle', 'Day off, Hiro. Reading recreationally counts — but please, no textbooks today.'),
(159, 1, 6, 'rest_day', 'playful', 'Rest day. Defined as: learning nothing new. Yes, that includes the documentary you\'re queuing up.'),
(160, 1, 6, 'good_progress', 'warm', 'Your progress is excellent — and the part where you\'re trusting yourself more is the best part.'),
(161, 1, 6, 'good_progress', 'serious', 'Numbers are climbing across all areas. Discipline this consistent is rare. Well done.'),
(162, 1, 6, 'good_progress', 'gentle', 'You\'re growing past your habits — letting feeling into the performance. That\'s the harder kind of progress.'),
(163, 1, 7, 'morning', 'warm', 'Good morning, China. Council meeting first, then lessons. Eat properly between them, please.'),
(164, 1, 7, 'morning', 'gentle', 'Morning. Don\'t skip breakfast just because of an early council briefing — you\'ll feel it later.'),
(165, 1, 7, 'morning', 'playful', 'Good morning. Today\'s itinerary: be charming and brilliant. As usual. Easy day.'),
(166, 1, 7, 'afternoon', 'warm', 'Afternoon. You\'ve been juggling council duties and lessons beautifully today — keep that pace.'),
(167, 1, 7, 'afternoon', 'firm', 'Halfway through the day. Don\'t let council paperwork bleed into lesson focus. One thing at a time.'),
(168, 1, 7, 'afternoon', 'gentle', 'Afternoon check-in. If you\'re feeling stretched between council and idol work, please tell me.'),
(169, 1, 7, 'evening', 'warm', 'Evening, China. You did a lot today — for the council, for yourself, for everyone. Now rest.'),
(170, 1, 7, 'evening', 'gentle', 'Day\'s done. The thank-you notes can wait until morning. Please actually wind down tonight.'),
(171, 1, 7, 'evening', 'firm', 'It\'s evening. No more council emails tonight. Phone away, please.'),
(172, 1, 7, 'low_vocal', 'gentle', 'Vocals slipped a little today. You may be tired from council work — please don\'t spread yourself thin.'),
(173, 1, 7, 'low_vocal', 'warm', 'Today\'s singing was off your usual standard. We\'ll catch up tomorrow when you\'re less tired.'),
(174, 1, 7, 'low_vocal', 'serious', 'Your vocals dipped, and I don\'t think it\'s the singing — it\'s the schedule. We may need to talk.'),
(175, 1, 7, 'low_dance', 'gentle', 'Dance was a bit hesitant today. You have the grace — just commit to the movement.'),
(176, 1, 7, 'low_dance', 'warm', 'Dance felt held back today. You can let loose more than the polite version of you usually does.'),
(177, 1, 7, 'low_dance', 'serious', 'Dance needs more confidence from you. Manners off the stage, presence on it.'),
(178, 1, 7, 'low_visual', 'warm', 'Visual was lovely but too composed today. Let a real smile through, not the council-meeting one.'),
(179, 1, 7, 'low_visual', 'gentle', 'Visual scores dipped a touch. Try a more relaxed expression — you\'re not on duty in front of the camera.'),
(180, 1, 7, 'low_visual', 'playful', 'Your visual today was very \"Ms. Class Representative.\" Let\'s see Idol China next time, hm?'),
(181, 1, 7, 'audition_day', 'firm', 'Audition day, China. The poise you bring to council? Bring it to the stage. You\'ve got this.'),
(182, 1, 7, 'audition_day', 'warm', 'Today\'s the day. Turn those public-speaking duties into stage presence — they won\'t look away.'),
(183, 1, 7, 'audition_day', 'gentle', 'Audition day. Whatever happens, your manners and your effort will leave a good impression. Be yourself.'),
(184, 1, 7, 'rest_day', 'firm', 'Rest day. No council emails, no event prep, no piano scales. Yes, I checked — actually rest.'),
(185, 1, 7, 'rest_day', 'gentle', 'Day off today, China. Let yourself just be a teenager for one day. The world won\'t fall apart.'),
(186, 1, 7, 'rest_day', 'warm', 'Rest day. Family time is fine, but no council work please. Recharge properly.'),
(187, 1, 7, 'good_progress', 'warm', 'Your progress is real — and somehow you\'re doing it while running the council. Genuinely impressive.'),
(188, 1, 7, 'good_progress', 'gentle', 'You\'ve grown so much this week, in lessons and as a leader. Very proud of you.'),
(189, 1, 7, 'good_progress', 'firm', 'Numbers are up across the board. This is what disciplined balance looks like. Keep going.'),
(190, 1, 8, 'morning', 'playful', 'Morning, Ume. Yes, Saki was already out running before you. No, it\'s not a race — but I know that won\'t stop you.'),
(191, 1, 8, 'morning', 'warm', 'Good morning. Channel that competitive fire into lessons today, not just the running.'),
(192, 1, 8, 'morning', 'firm', 'Morning. Run, eat, then lessons — in that order. You don\'t have to outpace Saki today.'),
(193, 1, 8, 'afternoon', 'playful', 'Afternoon check-in. You\'re glowing — already beat your morning run time? Of course you did.'),
(194, 1, 8, 'afternoon', 'warm', 'Halfway through. You\'ve kept your energy up all day, which is exactly what idols need.'),
(195, 1, 8, 'afternoon', 'firm', 'Afternoon. Stay focused through the next lesson — competing isn\'t always about the obvious thing.'),
(196, 1, 8, 'evening', 'gentle', 'Evening, Ume. You worked twice as hard as anyone today. Now actually let yourself wind down.'),
(197, 1, 8, 'evening', 'warm', 'Day\'s done. Your sister would be proud — even if she\'d never say it. I\'ll say it for her.'),
(198, 1, 8, 'evening', 'playful', 'Evening. The day is over. Saki is NOT secretly doing extra training in her room right now. Probably. Go rest.'),
(199, 1, 8, 'low_vocal', 'warm', 'Vocals were a bit off today. Less power, more feeling — it\'s not a contest to hit notes the hardest.'),
(200, 1, 8, 'low_vocal', 'gentle', 'Singing slipped today. Don\'t let one rough session shake you — you bounce back fast.'),
(201, 1, 8, 'low_vocal', 'firm', 'Vocals weren\'t your best, Ume. You don\'t have to match Saki on every stat — improve your own pace.'),
(202, 1, 8, 'low_dance', 'firm', 'Dance was below your level today. Stop trying to dance bigger than her and dance like YOU.'),
(203, 1, 8, 'low_dance', 'serious', 'Today\'s dance felt rushed. You have stamina for days — you don\'t need to prove it in the first lesson.'),
(204, 1, 8, 'low_dance', 'gentle', 'Dance was tired today. Tiring yourself out doesn\'t impress anyone — not even Saki, and that\'s saying something.'),
(205, 1, 8, 'low_visual', 'gentle', 'Visual scores dipped today. Your cute smile is your weapon — use it instead of borrowing Saki\'s intense look.'),
(206, 1, 8, 'low_visual', 'warm', 'Visual was off today. You light up best when you\'re being playful Ume, not serious Saki-clone.'),
(207, 1, 8, 'low_visual', 'playful', 'Visual scores low? That serious face was 100% your sister\'s. Bring back your own grin tomorrow.'),
(208, 1, 8, 'audition_day', 'firm', 'Audition day, Ume. This isn\'t about beating Saki. Show the judges who YOU are.'),
(209, 1, 8, 'audition_day', 'warm', 'Today\'s the stage. All those runs, all that practice — go give them the bright Ume only YOU can be.'),
(210, 1, 8, 'audition_day', 'playful', 'Big day, little Hanami. Beat your own record, not anyone else\'s. Now go shine.'),
(211, 1, 8, 'rest_day', 'firm', 'Rest day. I know Saki tries to sneak training in too — don\'t follow her example today. Actually rest.'),
(212, 1, 8, 'rest_day', 'gentle', 'Day off. Whatever Saki\'s doing, you don\'t have to copy it. Be a person, not a competition.'),
(213, 1, 8, 'rest_day', 'playful', 'Rest day. Mandatory relaxing, no sister-sparring allowed. Saki has the same orders.'),
(214, 1, 8, 'good_progress', 'warm', 'Your progress this week is wonderful. And it\'s all YOU — not because of anyone else. Proud of you.'),
(215, 1, 8, 'good_progress', 'firm', 'Solid week, Ume. Numbers are up and you did it your way — not by copying. Keep that.'),
(216, 1, 8, 'good_progress', 'playful', 'Look at you climbing the rankings. Saki may actually start worrying — I won\'t tell her you\'re catching up.'),
(217, 1, 9, 'morning', 'playful', 'Good morning. I know — five more minutes. You\'ve used those five minutes seven times already.'),
(218, 1, 9, 'morning', 'gentle', 'Morning, Misuzu. Up, please. Council meeting in 20 minutes. Yes, you have to be awake for that one.'),
(219, 1, 9, 'morning', 'firm', 'Morning. I\'m not coming back in ten minutes. Get up. Lessons don\'t pause for nap protests.'),
(220, 1, 9, 'afternoon', 'playful', 'Afternoon check-in. You\'re surprisingly awake today — what happened? Did the nap actually work?'),
(221, 1, 9, 'afternoon', 'warm', 'Halfway through the day. You did well this morning — try to stay conscious through the next lesson.'),
(222, 1, 9, 'afternoon', 'gentle', 'Afternoon, Misuzu. A quick break before the next session is fine. A four-hour break is not.'),
(223, 1, 9, 'evening', 'playful', 'Evening. The day is over. Yes, you can sleep now. I know it\'s been on your mind since 9 AM.'),
(224, 1, 9, 'evening', 'warm', 'Day\'s done. You stayed awake for most of it today — that\'s real progress. Sleep properly tonight.'),
(225, 1, 9, 'evening', 'gentle', 'Evening, Misuzu. Don\'t nap so late it ruins your night sleep. We\'ve been here before.'),
(226, 1, 9, 'low_vocal', 'gentle', 'Vocals were sleepy today. When you actually wake up, you sing beautifully — let\'s find that more often.'),
(227, 1, 9, 'low_vocal', 'playful', 'Singing while half-asleep is a niche skill, but the judges prefer fully awake idols. Just a tip.'),
(228, 1, 9, 'low_vocal', 'serious', 'Your vocals dropped today because you weren\'t really there. Talent is wasted on naps, Misuzu.'),
(229, 1, 9, 'low_dance', 'firm', 'Dance was slow today. And not stylish-slow — sleepy-slow. We need actual movement, please.'),
(230, 1, 9, 'low_dance', 'playful', 'Your dance today had the energy of a yawn. Charming, but not what we\'re going for.'),
(231, 1, 9, 'low_dance', 'gentle', 'Dance scores dipped. You move beautifully when awake — let\'s get you there BEFORE lessons next time.'),
(232, 1, 9, 'low_visual', 'playful', 'Visual scores low? Half-closed eyes are a vibe, but apparently not THE vibe. Try open ones tomorrow.'),
(233, 1, 9, 'low_visual', 'gentle', 'Visual was tired today. A nap BEFORE the lesson, not during — that\'s the rule.'),
(234, 1, 9, 'low_visual', 'warm', 'Your expressions were soft today, almost dreamy. Pretty in the right context, but we need range.'),
(235, 1, 9, 'audition_day', 'firm', 'Audition day, Misuzu. No napping. I MEAN IT. We\'ve prepared too much for you to sleep through your slot.'),
(236, 1, 9, 'audition_day', 'warm', 'Today\'s the stage. You\'re more talented than you let on — show them the version of you that wakes up for it.'),
(237, 1, 9, 'audition_day', 'playful', 'Audition day. Coffee? Tea? Light shake? Whatever wakes you up — pick one and let\'s go.'),
(238, 1, 9, 'rest_day', 'warm', 'Rest day. Your favorite. Enjoy it — this is the one day I won\'t complain about the napping.'),
(239, 1, 9, 'rest_day', 'playful', 'Rest day, Misuzu. Today, the napping is officially endorsed. Don\'t get used to it.'),
(240, 1, 9, 'rest_day', 'gentle', 'Day off. You\'ve earned the sleep this week. Recharge properly so we can have you AWAKE tomorrow.'),
(241, 1, 9, 'good_progress', 'warm', 'Your numbers are up — and you didn\'t miss many lessons this week. That\'s huge for you.'),
(242, 1, 9, 'good_progress', 'playful', 'Look who stayed awake long enough to actually improve. I see you, Misuzu. Genuinely proud.'),
(243, 1, 9, 'good_progress', 'gentle', 'You\'re growing steadily, even with all the naps. Imagine what you\'d do if you slept normally at night.'),
(244, 1, 1, 'birthday', 'firm', 'Happy birthday, Saki. Today is the ONE day I\'m ordering you to rest — and yes, I\'ll enforce it.'),
(245, 1, 1, 'birthday', 'warm', 'Happy birthday. Another year of being the most driven person in this academy. Proud of how far you\'ve pushed yourself.'),
(246, 1, 1, 'birthday', 'playful', 'Happy birthday! Let me guess — you still went for the morning run today. Of course you did. The REST of the day, please rest.'),
(247, 1, 2, 'birthday', 'playful', 'Happy birthday, Temari. Today only — yes, you can have the cake. The whole slice. I\'ll allow it.'),
(248, 1, 2, 'birthday', 'warm', 'Happy birthday. Another year, and you\'re still the most effortlessly cool person in this academy. Enjoy your day.'),
(249, 1, 2, 'birthday', 'gentle', 'Happy birthday, Temari. Take the day completely off — no diet management, no schedule. Today is yours, sweets included.'),
(250, 1, 3, 'birthday', 'warm', 'Happy birthday, Kotone. Today there is no shift, no overtime, no bargaining. Your present is mandatory time off.'),
(251, 1, 3, 'birthday', 'playful', 'Happy birthday! And yes, there\'s a bonus envelope in it for you. Don\'t say I never gave you anything.'),
(252, 1, 3, 'birthday', 'firm', 'Happy birthday. I checked — I know you tried to schedule a shift today. Cancel it. We\'re celebrating you, not your hustle.'),
(253, 1, 4, 'birthday', 'gentle', 'Happy birthday, Lilja. Hyvää syntymäpäivää. May this year bring you the confidence I already see in you.'),
(254, 1, 4, 'birthday', 'warm', 'Happy birthday. You\'ve grown so much this year — quietly, beautifully. Today, please let everyone celebrate you.'),
(255, 1, 4, 'birthday', 'gentle', 'Happy birthday, Lilja. No pressure today, no lessons — just whatever makes you feel calm and happy. You deserve it.'),
(256, 1, 5, 'birthday', 'playful', 'Happy birthday, Sumika! Today\'s match has only one rule: NO TRAINING. Yes, that\'s the hard part for you.'),
(257, 1, 5, 'birthday', 'warm', 'Happy birthday. The energy you bring to every day is contagious — today, let everyone bring it back to you.'),
(258, 1, 5, 'birthday', 'firm', 'Happy birthday. I see you eyeing the tennis court. The court is closed for you today, captain. REST.'),
(259, 1, 6, 'birthday', 'playful', 'Happy birthday, Hiro. The library is officially closed to you today. I have the keys. Don\'t try me.'),
(260, 1, 6, 'birthday', 'warm', 'Happy birthday. Another year of being the brightest mind in the academy. Today, you\'re allowed to feel before you think.'),
(261, 1, 6, 'birthday', 'firm', 'Happy birthday, Hiro. No research, no studying, no productive learning today. That IS the celebration.'),
(262, 1, 7, 'birthday', 'warm', 'Happy birthday, China. Today, no council duties, no event planning. You get to be CELEBRATED, not the celebrator.'),
(263, 1, 7, 'birthday', 'gentle', 'Happy birthday, China. Enjoy your family\'s celebrations today — and remember, we\'re celebrating you here too.'),
(264, 1, 7, 'birthday', 'playful', 'Happy birthday! I\'ve informed the Student Council that their finest member gets the day off. They\'ll manage without you.'),
(265, 1, 8, 'birthday', 'playful', 'Happy birthday, Ume! And yes, your birthday is entirely YOURS today — Saki doesn\'t get to compete on this one.'),
(266, 1, 8, 'birthday', 'warm', 'Happy birthday. Another year of being your own bright, energetic self — not anyone\'s shadow. Today, especially, shine.'),
(267, 1, 8, 'birthday', 'gentle', 'Happy birthday, Ume. The morning run can wait. The training can wait. Today, just be celebrated. You earned it.'),
(268, 1, 9, 'birthday', 'playful', 'Happy birthday, Misuzu! Today\'s gift: official permission to nap as much as you want. Use it wisely.'),
(269, 1, 9, 'birthday', 'warm', 'Happy birthday. Another year, and somehow you keep proving you\'re more capable than the napping suggests. Proud of you.'),
(270, 1, 9, 'birthday', 'gentle', 'Happy birthday, Misuzu. We\'ll wake you up for cake. Otherwise, the bed is yours all day.');

--
-- Dumping data for table `recurring_schedules`
--

INSERT INTO `recurring_schedules` (`id`, `student_id`, `weekday`, `activity_type`, `title`, `description`, `start_time`, `end_time`, `location`, `created_by`, `is_active`, `created_at`, `updated_at`) VALUES
(1, 1, 1, 'vocal', 'Academy Vocal Lesson', 'Group vocal training class.', '10:00:00', '12:00:00', 'Vocal Studio A', 1, 1, '2026-05-28 14:59:05', '2026-05-28 14:59:05'),
(2, 2, 1, 'vocal', 'Academy Vocal Lesson', 'Group vocal training class.', '10:00:00', '12:00:00', 'Vocal Studio A', 1, 1, '2026-05-28 14:59:05', '2026-05-28 14:59:05'),
(3, 3, 1, 'vocal', 'Academy Vocal Lesson', 'Group vocal training class.', '10:00:00', '12:00:00', 'Vocal Studio A', 1, 1, '2026-05-28 14:59:05', '2026-05-28 14:59:05'),
(4, 1, 1, 'dance', 'Academy Dance Lesson', 'Group dance training class.', '14:00:00', '16:00:00', 'Dance Studio 1', 1, 1, '2026-05-28 14:59:05', '2026-05-28 14:59:05'),
(5, 2, 1, 'dance', 'Academy Dance Lesson', 'Group dance training class.', '14:00:00', '16:00:00', 'Dance Studio 1', 1, 1, '2026-05-28 14:59:05', '2026-05-28 14:59:05'),
(6, 3, 1, 'dance', 'Academy Dance Lesson', 'Group dance training class.', '14:00:00', '16:00:00', 'Dance Studio 1', 1, 1, '2026-05-28 14:59:05', '2026-05-28 14:59:05'),
(7, 1, 2, 'class', 'Academic Class', 'Regular shared school lessons.', '09:00:00', '12:00:00', 'Classroom 1-1', 1, 1, '2026-05-28 14:59:05', '2026-05-29 08:04:10'),
(8, 2, 2, 'class', 'Academic Class', 'Regular shared school lessons.', '09:00:00', '12:00:00', 'Classroom 1-1', 1, 1, '2026-05-28 14:59:05', '2026-05-29 08:04:10'),
(9, 3, 2, 'class', 'Academic Class', 'Regular shared school lessons.', '09:00:00', '12:00:00', 'Classroom 1-1', 1, 1, '2026-05-28 14:59:05', '2026-05-29 08:04:10'),
(10, 1, 2, 'visual', 'Academy Visual Lesson', 'Group visual expression class.', '14:00:00', '16:00:00', 'Visual Studio', 1, 1, '2026-05-28 14:59:05', '2026-05-28 14:59:05'),
(11, 2, 2, 'visual', 'Academy Visual Lesson', 'Group visual expression class.', '14:00:00', '16:00:00', 'Visual Studio', 1, 1, '2026-05-28 14:59:05', '2026-05-28 14:59:05'),
(12, 3, 2, 'visual', 'Academy Visual Lesson', 'Group visual expression class.', '14:00:00', '16:00:00', 'Visual Studio', 1, 1, '2026-05-28 14:59:05', '2026-05-28 14:59:05'),
(13, 1, 3, 'dance', 'Academy Dance Lesson', 'Group dance training class.', '10:00:00', '12:00:00', 'Dance Studio 1', 1, 1, '2026-05-28 14:59:05', '2026-05-28 14:59:05'),
(14, 2, 3, 'dance', 'Academy Dance Lesson', 'Group dance training class.', '10:00:00', '12:00:00', 'Dance Studio 1', 1, 1, '2026-05-28 14:59:05', '2026-05-28 14:59:05'),
(15, 3, 3, 'dance', 'Academy Dance Lesson', 'Group dance training class.', '10:00:00', '12:00:00', 'Dance Studio 1', 1, 1, '2026-05-28 14:59:05', '2026-05-28 14:59:05'),
(16, 1, 4, 'vocal', 'Academy Vocal Lesson', 'Group vocal training class.', '14:00:00', '16:00:00', 'Vocal Studio A', 1, 1, '2026-05-28 14:59:05', '2026-05-28 14:59:05'),
(17, 2, 4, 'vocal', 'Academy Vocal Lesson', 'Group vocal training class.', '14:00:00', '16:00:00', 'Vocal Studio A', 1, 1, '2026-05-28 14:59:05', '2026-05-28 14:59:05'),
(18, 3, 4, 'vocal', 'Academy Vocal Lesson', 'Group vocal training class.', '14:00:00', '16:00:00', 'Vocal Studio A', 1, 1, '2026-05-28 14:59:05', '2026-05-28 14:59:05'),
(19, 1, 5, 'visual', 'Academy Visual Lesson', 'Group visual expression class.', '10:00:00', '12:00:00', 'Visual Studio', 1, 1, '2026-05-28 14:59:05', '2026-05-28 14:59:05'),
(20, 2, 5, 'visual', 'Academy Visual Lesson', 'Group visual expression class.', '10:00:00', '12:00:00', 'Visual Studio', 1, 1, '2026-05-28 14:59:05', '2026-05-28 14:59:05'),
(21, 3, 5, 'visual', 'Academy Visual Lesson', 'Group visual expression class.', '10:00:00', '12:00:00', 'Visual Studio', 1, 1, '2026-05-28 14:59:05', '2026-05-28 14:59:05'),
(22, 1, 5, 'class', 'Academic Class', 'Regular shared school lessons.', '13:00:00', '15:00:00', 'Classroom 1-1', 1, 1, '2026-05-28 14:59:05', '2026-05-29 08:04:10'),
(23, 2, 5, 'class', 'Academic Class', 'Regular shared school lessons.', '13:00:00', '15:00:00', 'Classroom 1-1', 1, 1, '2026-05-28 14:59:05', '2026-05-29 08:04:10'),
(24, 3, 5, 'class', 'Academic Class', 'Regular shared school lessons.', '13:00:00', '15:00:00', 'Classroom 1-1', 1, 1, '2026-05-28 14:59:05', '2026-05-29 08:04:10'),
(25, 1, 1, 'training', 'Morning Run', 'Daily 5km run. Never skipped.', '06:00:00', '07:00:00', 'Academy Grounds', 1, 1, '2026-05-28 14:59:05', '2026-05-28 14:59:05'),
(26, 1, 1, 'training', 'Evening Conditioning', 'Stamina cooldown after dance.', '16:30:00', '17:30:00', 'Gym', 1, 1, '2026-05-28 14:59:05', '2026-05-28 14:59:05'),
(27, 1, 2, 'training', 'Morning Run', 'Daily 5km run.', '06:00:00', '07:00:00', 'Academy Grounds', 1, 1, '2026-05-28 14:59:05', '2026-05-28 14:59:05'),
(28, 1, 2, 'training', 'Strength Training', 'Personal core/strength workout.', '16:30:00', '18:00:00', 'Gym', 1, 1, '2026-05-28 14:59:05', '2026-05-28 14:59:05'),
(29, 1, 3, 'training', 'Morning Run', 'Daily 5km run.', '06:00:00', '07:00:00', 'Academy Grounds', 1, 1, '2026-05-28 14:59:05', '2026-05-28 14:59:05'),
(30, 1, 3, 'vocal', 'Solo Vocal Practice', 'Breath control and projection drills.', '14:00:00', '15:30:00', 'Practice Room 1', 1, 1, '2026-05-28 14:59:05', '2026-05-28 14:59:05'),
(31, 1, 3, 'training', 'Strength Training', 'Evening lifting session.', '16:00:00', '17:30:00', 'Gym', 1, 1, '2026-05-28 14:59:05', '2026-05-28 14:59:05'),
(32, 1, 4, 'training', 'Morning Run', 'Daily 5km run.', '06:00:00', '07:00:00', 'Academy Grounds', 1, 1, '2026-05-28 14:59:05', '2026-05-28 14:59:05'),
(33, 1, 4, 'visual', 'Solo Visual Practice', 'Camera-facing posing practice.', '10:00:00', '12:00:00', 'Practice Room 1', 1, 1, '2026-05-28 14:59:05', '2026-05-28 14:59:05'),
(34, 1, 4, 'training', 'Evening Conditioning', 'Sprint intervals.', '16:30:00', '17:30:00', 'Academy Grounds', 1, 1, '2026-05-28 14:59:05', '2026-05-28 14:59:05'),
(35, 1, 5, 'training', 'Morning Run', 'Daily 5km run.', '06:00:00', '07:00:00', 'Academy Grounds', 1, 1, '2026-05-28 14:59:05', '2026-05-28 14:59:05'),
(36, 1, 6, 'training', 'Sister Sparring', 'Friendly competition with Ume Hanami. Never actually friendly.', '07:30:00', '09:30:00', 'Multipurpose Hall', 1, 1, '2026-05-28 14:59:05', '2026-06-01 23:19:17'),
(37, 1, 6, 'training', 'Morning Run', 'Daily 5km run.', '06:00:00', '07:00:00', 'Academy Grounds', 1, 1, '2026-05-28 14:59:05', '2026-05-28 14:59:05'),
(38, 1, 6, 'audition', 'Audition Prep', 'Self-organized mock audition.', '10:00:00', '13:00:00', 'Audition Hall', 1, 1, '2026-05-28 14:59:05', '2026-05-28 14:59:05'),
(39, 1, 6, 'dance', 'Solo Dance Practice', 'Extra routine drilling.', '14:30:00', '16:00:00', 'Practice Room 1', 1, 1, '2026-05-28 14:59:05', '2026-05-28 14:59:05'),
(40, 1, 7, 'rest', 'Rest Day', 'Mandatory rest. Will probably still run.', '00:00:00', '23:59:59', '-', 1, 1, '2026-05-28 14:59:05', '2026-05-28 14:59:05'),
(41, 2, 1, 'training', 'Diet Management', 'Producer-supervised meal plan.', '12:00:00', '12:45:00', 'Cafeteria', 1, 1, '2026-05-28 14:59:05', '2026-05-28 14:59:05'),
(42, 2, 1, 'vocal', 'Solo Vocal Practice', 'Polished technical session. Her speciality.', '16:30:00', '17:30:00', 'Practice Room 2', 1, 1, '2026-05-28 14:59:05', '2026-05-28 14:59:05'),
(43, 2, 2, 'training', 'Diet Management', 'Supervised lunch. No sweets smuggled in.', '12:00:00', '12:45:00', 'Cafeteria', 1, 1, '2026-05-28 14:59:05', '2026-05-28 14:59:05'),
(44, 2, 2, 'rest', 'Personal Time', 'Producer-scheduled downtime. Naps suspected.', '16:30:00', '18:00:00', 'Dormitory', 1, 1, '2026-05-28 14:59:05', '2026-05-28 14:59:05'),
(45, 2, 3, 'vocal', 'Solo Vocal Practice', 'Recording-style practice.', '13:00:00', '14:30:00', 'Practice Room 2', 1, 1, '2026-05-28 14:59:05', '2026-05-28 14:59:05'),
(46, 2, 3, 'training', 'Diet Management', 'Supervised lunch.', '15:00:00', '15:45:00', 'Cafeteria', 1, 1, '2026-05-28 14:59:05', '2026-05-28 14:59:05'),
(47, 2, 4, 'class', 'Self-Study', 'Quiet academic review. Surprisingly diligent.', '09:30:00', '11:30:00', 'Library', 1, 1, '2026-05-28 14:59:05', '2026-05-28 14:59:05'),
(48, 2, 4, 'training', 'Diet Management', 'Supervised lunch.', '12:00:00', '12:45:00', 'Cafeteria', 1, 1, '2026-05-28 14:59:05', '2026-05-28 14:59:05'),
(49, 2, 4, 'rest', 'Personal Time', 'Producer-scheduled downtime.', '16:30:00', '18:00:00', 'Dormitory', 1, 1, '2026-05-28 14:59:05', '2026-05-28 14:59:05'),
(50, 2, 5, 'dance', 'Solo Dance Practice', 'Light choreography refinement.', '15:30:00', '16:30:00', 'Practice Room 2', 1, 1, '2026-05-28 14:59:05', '2026-05-28 14:59:05'),
(51, 2, 6, 'training', 'Diet Management', 'Weekend supervised brunch.', '11:00:00', '11:45:00', 'Cafeteria', 1, 1, '2026-05-28 14:59:05', '2026-05-28 14:59:05'),
(52, 2, 6, 'photoshoot', 'Photoshoot', 'Weekly magazine/promo photoshoot.', '13:00:00', '16:00:00', 'Studio C', 1, 1, '2026-05-28 14:59:05', '2026-05-28 14:59:05'),
(53, 2, 7, 'rest', 'Rest Day', 'Full rest day. Earned, finally.', '00:00:00', '23:59:59', '-', 1, 1, '2026-05-28 14:59:05', '2026-05-28 14:59:05'),
(54, 3, 1, 'visual', 'Solo Visual Practice', 'Makeup & expression work. Her favorite.', '08:30:00', '09:45:00', 'Practice Room 3', 1, 1, '2026-05-28 14:59:05', '2026-05-28 14:59:05'),
(55, 3, 1, 'work', 'Part-Time Job', 'Cafe shift. Refuses to drop it.', '17:00:00', '21:00:00', 'Off-campus', 1, 1, '2026-05-28 14:59:05', '2026-05-28 14:59:05'),
(56, 3, 2, 'work', 'Part-Time Job', 'Convenience store shift.', '17:00:00', '22:00:00', 'Off-campus', 1, 1, '2026-05-28 14:59:05', '2026-05-28 14:59:05'),
(57, 3, 3, 'visual', 'Solo Visual Practice', 'Magazine cover-shoot prep.', '13:00:00', '14:00:00', 'Practice Room 3', 1, 1, '2026-05-28 14:59:05', '2026-05-28 14:59:05'),
(58, 3, 3, 'photoshoot', 'Photoshoot', 'Sponsored shoot. Pays well — never says no.', '14:30:00', '17:00:00', 'Studio C', 1, 1, '2026-05-28 14:59:05', '2026-05-28 14:59:05'),
(59, 3, 3, 'work', 'Part-Time Job', 'Evening cafe shift.', '18:00:00', '21:00:00', 'Off-campus', 1, 1, '2026-05-28 14:59:05', '2026-05-28 14:59:05'),
(60, 3, 4, 'dance', 'Solo Dance Practice', 'Cute & confident routine work.', '09:30:00', '11:30:00', 'Practice Room 3', 1, 1, '2026-05-28 14:59:05', '2026-05-28 14:59:05'),
(61, 3, 4, 'work', 'Part-Time Job', 'Cafe shift.', '17:00:00', '21:00:00', 'Off-campus', 1, 1, '2026-05-28 14:59:05', '2026-05-28 14:59:05'),
(62, 3, 5, 'vocal', 'Solo Vocal Practice', 'Solo song practice.', '15:30:00', '16:30:00', 'Practice Room 3', 1, 1, '2026-05-28 14:59:05', '2026-05-28 14:59:05'),
(63, 3, 5, 'work', 'Part-Time Job', 'Weekend prep shift. Producer ignores the overwork.', '17:00:00', '22:00:00', 'Off-campus', 1, 1, '2026-05-28 14:59:05', '2026-05-28 14:59:05'),
(64, 3, 6, 'photoshoot', 'Photoshoot', 'Sponsor photoshoot. Bonus pay = great mood.', '11:00:00', '15:00:00', 'Studio C', 1, 1, '2026-05-28 14:59:05', '2026-05-28 14:59:05'),
(65, 3, 6, 'dance', 'Solo Dance Practice', 'Extra optional dance practice. She insists.', '16:00:00', '17:30:00', 'Practice Room 3', 1, 1, '2026-05-28 14:59:05', '2026-05-28 14:59:05'),
(66, 3, 6, 'work', 'Part-Time Job', 'Evening shift.', '18:30:00', '22:00:00', 'Off-campus', 1, 1, '2026-05-28 14:59:05', '2026-05-28 14:59:05'),
(67, 3, 7, 'rest', 'Rest Day', 'Producer-enforced rest.', '00:00:00', '23:59:59', '-', 1, 1, '2026-05-28 14:59:05', '2026-05-28 14:59:05'),
(68, 4, 1, 'vocal', 'Academy Vocal Lesson', 'Group vocal training class.', '10:00:00', '12:00:00', 'Vocal Studio A', 1, 1, '2026-05-29 08:04:10', '2026-05-29 08:04:10'),
(69, 5, 1, 'vocal', 'Academy Vocal Lesson', 'Group vocal training class.', '10:00:00', '12:00:00', 'Vocal Studio A', 1, 1, '2026-05-29 08:04:10', '2026-05-29 08:04:10'),
(70, 4, 1, 'dance', 'Academy Dance Lesson', 'Group dance training class.', '14:00:00', '16:00:00', 'Dance Studio 1', 1, 1, '2026-05-29 08:04:10', '2026-05-29 08:04:10'),
(71, 5, 1, 'dance', 'Academy Dance Lesson', 'Group dance training class.', '14:00:00', '16:00:00', 'Dance Studio 1', 1, 1, '2026-05-29 08:04:10', '2026-05-29 08:04:10'),
(72, 4, 2, 'class', 'Academic Class', 'Class 1-1 regular school lessons.', '09:00:00', '12:00:00', 'Classroom 1-1', 1, 1, '2026-05-29 08:04:10', '2026-05-29 08:04:10'),
(73, 5, 2, 'class', 'Academic Class', 'Class 1-1 regular school lessons.', '09:00:00', '12:00:00', 'Classroom 1-1', 1, 1, '2026-05-29 08:04:10', '2026-05-29 08:04:10'),
(74, 4, 2, 'visual', 'Academy Visual Lesson', 'Group visual expression class.', '14:00:00', '16:00:00', 'Visual Studio', 1, 1, '2026-05-29 08:04:10', '2026-05-29 08:04:10'),
(75, 5, 2, 'visual', 'Academy Visual Lesson', 'Group visual expression class.', '14:00:00', '16:00:00', 'Visual Studio', 1, 1, '2026-05-29 08:04:10', '2026-05-29 08:04:10'),
(76, 4, 3, 'dance', 'Academy Dance Lesson', 'Group dance training class.', '10:00:00', '12:00:00', 'Dance Studio 1', 1, 1, '2026-05-29 08:04:10', '2026-05-29 08:04:10'),
(77, 5, 3, 'dance', 'Academy Dance Lesson', 'Group dance training class.', '10:00:00', '12:00:00', 'Dance Studio 1', 1, 1, '2026-05-29 08:04:10', '2026-05-29 08:04:10'),
(78, 4, 4, 'vocal', 'Academy Vocal Lesson', 'Group vocal training class.', '14:00:00', '16:00:00', 'Vocal Studio A', 1, 1, '2026-05-29 08:04:10', '2026-05-29 08:04:10'),
(79, 5, 4, 'vocal', 'Academy Vocal Lesson', 'Group vocal training class.', '14:00:00', '16:00:00', 'Vocal Studio A', 1, 1, '2026-05-29 08:04:10', '2026-05-29 08:04:10'),
(80, 4, 5, 'visual', 'Academy Visual Lesson', 'Group visual expression class.', '10:00:00', '12:00:00', 'Visual Studio', 1, 1, '2026-05-29 08:04:10', '2026-05-29 08:04:10'),
(81, 5, 5, 'visual', 'Academy Visual Lesson', 'Group visual expression class.', '10:00:00', '12:00:00', 'Visual Studio', 1, 1, '2026-05-29 08:04:10', '2026-05-29 08:04:10'),
(82, 4, 5, 'class', 'Academic Class', 'Class 1-1 regular school lessons.', '13:00:00', '15:00:00', 'Classroom 1-1', 1, 1, '2026-05-29 08:04:10', '2026-05-29 08:04:10'),
(83, 5, 5, 'class', 'Academic Class', 'Class 1-1 regular school lessons.', '13:00:00', '15:00:00', 'Classroom 1-1', 1, 1, '2026-05-29 08:04:10', '2026-05-29 08:04:10'),
(84, 4, 1, 'rest', 'Morning Quiet Time', 'Solo reading or meditation before lessons start.', '07:00:00', '08:30:00', 'Library', 1, 1, '2026-05-29 08:04:10', '2026-05-29 08:04:10'),
(85, 4, 1, 'vocal', 'Solo Vocal Practice', 'Quiet personal warmups. Builds confidence gradually.', '16:30:00', '17:30:00', 'Practice Room 4', 1, 1, '2026-05-29 08:04:10', '2026-05-29 08:04:10'),
(86, 4, 2, 'rest', 'Call Home', 'Weekly video call with family in Finland.', '07:30:00', '08:30:00', 'Dormitory', 1, 1, '2026-05-29 08:04:10', '2026-05-29 08:04:10'),
(87, 4, 2, 'visual', 'Solo Visual Practice', 'Self-recorded posing practice. Reviews her own film.', '16:30:00', '18:00:00', 'Practice Room 4', 1, 1, '2026-05-29 08:04:10', '2026-05-29 08:04:10'),
(88, 4, 3, 'rest', 'Self-Study', 'Quiet study session. Catching up on Japanese reading.', '08:00:00', '09:30:00', 'Library', 1, 1, '2026-05-29 08:04:10', '2026-05-29 08:04:10'),
(89, 4, 3, 'photoshoot', 'Magazine Modeling', 'Modeling work from her pre-academy career.', '13:30:00', '17:00:00', 'Studio C', 1, 1, '2026-05-29 08:04:10', '2026-05-29 08:04:10'),
(90, 4, 4, 'visual', 'Solo Visual Practice', 'Mirror practice for expression and softness.', '09:30:00', '11:30:00', 'Practice Room 4', 1, 1, '2026-05-29 08:04:10', '2026-05-29 08:04:10'),
(91, 4, 4, 'rest', 'Confidence Session', 'One-on-one talk with Producer. Gentle encouragement.', '16:30:00', '17:30:00', 'Meeting Room', 1, 1, '2026-05-29 08:04:10', '2026-05-29 08:04:10'),
(92, 4, 5, 'vocal', 'Solo Vocal Practice', 'Personal practice with the door closed.', '15:30:00', '16:30:00', 'Practice Room 4', 1, 1, '2026-05-29 08:04:10', '2026-05-29 08:04:10'),
(93, 4, 6, 'photoshoot', 'Modeling Job', 'Scheduled modeling shoot. Familiar territory for her.', '10:00:00', '14:00:00', 'Studio C', 1, 1, '2026-05-29 08:04:10', '2026-05-29 08:04:10'),
(94, 4, 6, 'dance', 'Solo Dance Practice', 'Gentle choreography review. Works best when alone.', '15:30:00', '17:00:00', 'Practice Room 4', 1, 1, '2026-05-29 08:04:10', '2026-05-29 08:04:10'),
(95, 4, 7, 'rest', 'Rest Day', 'Full rest. Reading, calls home, quiet hobbies.', '00:00:00', '23:59:59', '-', 1, 1, '2026-05-29 08:04:10', '2026-05-29 08:04:10'),
(96, 5, 1, 'training', 'Morning Tennis', 'Solo tennis practice. Keeps her sports edge sharp.', '06:30:00', '07:45:00', 'Tennis Court', 1, 1, '2026-05-29 08:04:10', '2026-05-29 08:04:10'),
(97, 5, 1, 'training', 'Cooldown Stretches', 'Post-dance recovery stretches.', '16:30:00', '17:15:00', 'Gym', 1, 1, '2026-05-29 08:04:10', '2026-05-29 08:04:10'),
(98, 5, 2, 'training', 'Morning Run', 'Light morning jog around the academy.', '06:30:00', '07:30:00', 'Academy Grounds', 1, 1, '2026-05-29 08:04:10', '2026-05-29 08:04:10'),
(99, 5, 2, 'dance', 'Solo Dance Practice', 'Working on choreography precision.', '16:30:00', '18:00:00', 'Practice Room 5', 1, 1, '2026-05-29 08:04:10', '2026-05-29 08:04:10'),
(100, 5, 3, 'training', 'Morning Tennis', 'Solo tennis drills.', '06:30:00', '07:45:00', 'Tennis Court', 1, 1, '2026-05-29 08:04:10', '2026-05-29 08:04:10'),
(101, 5, 3, 'training', 'Strength Training', 'Light gym workout. Keeps her stamina up.', '13:00:00', '14:30:00', 'Gym', 1, 1, '2026-05-29 08:04:10', '2026-05-29 08:04:10'),
(102, 5, 4, 'training', 'Morning Run', 'Sprint intervals around the grounds.', '06:30:00', '07:30:00', 'Academy Grounds', 1, 1, '2026-05-29 08:04:10', '2026-05-29 08:04:10'),
(103, 5, 4, 'dance', 'Solo Dance Practice', 'Working on expression alongside the moves.', '09:30:00', '11:30:00', 'Practice Room 5', 1, 1, '2026-05-29 08:04:10', '2026-05-29 08:04:10'),
(104, 5, 5, 'training', 'Morning Tennis', 'Solo tennis practice.', '06:30:00', '07:45:00', 'Tennis Court', 1, 1, '2026-05-29 08:04:10', '2026-05-29 08:04:10'),
(105, 5, 5, 'training', 'Cooldown Stretches', 'Post-week recovery routine.', '15:30:00', '16:30:00', 'Gym', 1, 1, '2026-05-29 08:04:10', '2026-05-29 08:04:10'),
(106, 5, 6, 'training', 'Tennis Match', 'Friendly weekend tennis match with old teammates.', '09:00:00', '12:00:00', 'Tennis Court', 1, 1, '2026-05-29 08:04:10', '2026-05-29 08:04:10'),
(107, 5, 6, 'vocal', 'Solo Vocal Practice', 'Working on breath control — sports lungs help.', '14:00:00', '15:30:00', 'Practice Room 5', 1, 1, '2026-05-29 08:04:10', '2026-05-29 08:04:10'),
(108, 5, 7, 'rest', 'Rest Day', 'Full rest. Tries to actually sit still. Tries.', '00:00:00', '23:59:59', '-', 1, 1, '2026-05-29 08:04:10', '2026-05-29 08:04:10'),
(109, 6, 1, 'vocal', 'Academy Vocal Lesson', 'Group vocal training class (1-2).', '14:00:00', '16:00:00', 'Vocal Studio B', 1, 1, '2026-06-01 23:14:32', '2026-06-01 23:14:32'),
(110, 7, 1, 'vocal', 'Academy Vocal Lesson', 'Group vocal training class (1-2).', '14:00:00', '16:00:00', 'Vocal Studio B', 1, 1, '2026-06-01 23:14:32', '2026-06-01 23:14:32'),
(111, 6, 2, 'class', 'Academic Class', 'Class 1-2 regular school lessons.', '09:00:00', '12:00:00', 'Classroom 1-2', 1, 1, '2026-06-01 23:14:32', '2026-06-01 23:14:32'),
(112, 7, 2, 'class', 'Academic Class', 'Class 1-2 regular school lessons.', '09:00:00', '12:00:00', 'Classroom 1-2', 1, 1, '2026-06-01 23:14:32', '2026-06-01 23:14:32'),
(113, 6, 2, 'dance', 'Academy Dance Lesson', 'Group dance training class (1-2).', '14:00:00', '16:00:00', 'Dance Studio 2', 1, 1, '2026-06-01 23:14:32', '2026-06-01 23:14:32'),
(114, 7, 2, 'dance', 'Academy Dance Lesson', 'Group dance training class (1-2).', '14:00:00', '16:00:00', 'Dance Studio 2', 1, 1, '2026-06-01 23:14:32', '2026-06-01 23:14:32'),
(115, 6, 3, 'visual', 'Academy Visual Lesson', 'Group visual expression class (1-2).', '14:00:00', '16:00:00', 'Visual Studio B', 1, 1, '2026-06-01 23:14:32', '2026-06-01 23:14:32'),
(116, 7, 3, 'visual', 'Academy Visual Lesson', 'Group visual expression class (1-2).', '14:00:00', '16:00:00', 'Visual Studio B', 1, 1, '2026-06-01 23:14:32', '2026-06-01 23:14:32'),
(117, 6, 4, 'dance', 'Academy Dance Lesson', 'Group dance training class (1-2).', '10:00:00', '12:00:00', 'Dance Studio 2', 1, 1, '2026-06-01 23:14:32', '2026-06-01 23:14:32'),
(118, 7, 4, 'dance', 'Academy Dance Lesson', 'Group dance training class (1-2).', '10:00:00', '12:00:00', 'Dance Studio 2', 1, 1, '2026-06-01 23:14:32', '2026-06-01 23:14:32'),
(119, 6, 4, 'visual', 'Academy Visual Lesson', 'Group visual expression class (1-2).', '14:00:00', '16:00:00', 'Visual Studio B', 1, 1, '2026-06-01 23:14:32', '2026-06-01 23:14:32'),
(120, 7, 4, 'visual', 'Academy Visual Lesson', 'Group visual expression class (1-2).', '14:00:00', '16:00:00', 'Visual Studio B', 1, 1, '2026-06-01 23:14:32', '2026-06-01 23:14:32'),
(121, 6, 5, 'class', 'Academic Class', 'Class 1-2 regular school lessons.', '13:00:00', '15:00:00', 'Classroom 1-2', 1, 1, '2026-06-01 23:14:32', '2026-06-01 23:14:32'),
(122, 7, 5, 'class', 'Academic Class', 'Class 1-2 regular school lessons.', '13:00:00', '15:00:00', 'Classroom 1-2', 1, 1, '2026-06-01 23:14:32', '2026-06-01 23:14:32'),
(123, 6, 5, 'vocal', 'Academy Vocal Lesson', 'Group vocal training class (1-2).', '15:00:00', '17:00:00', 'Vocal Studio B', 1, 1, '2026-06-01 23:14:32', '2026-06-01 23:14:32'),
(124, 7, 5, 'vocal', 'Academy Vocal Lesson', 'Group vocal training class (1-2).', '15:00:00', '17:00:00', 'Vocal Studio B', 1, 1, '2026-06-01 23:14:32', '2026-06-01 23:14:32'),
(125, 6, 1, 'class', 'Morning Self-Study', 'Library study before lessons. Her favorite hours.', '07:00:00', '09:00:00', 'Library', 1, 1, '2026-06-01 23:14:32', '2026-06-01 23:14:32'),
(126, 6, 1, 'class', 'Extended Reading', 'Continued study through the morning. Class 1-2 is free until 14:00.', '09:30:00', '12:00:00', 'Library', 1, 1, '2026-06-01 23:14:32', '2026-06-01 23:14:32'),
(127, 6, 1, 'vocal', 'Solo Vocal Practice', 'Quiet, methodical vocal practice.', '16:30:00', '17:30:00', 'Practice Room 6', 1, 1, '2026-06-01 23:14:32', '2026-06-01 23:14:32'),
(128, 6, 2, 'class', 'Pre-Class Review', 'Quick review of yesterday\'s material.', '08:00:00', '08:50:00', 'Library', 1, 1, '2026-06-01 23:14:32', '2026-06-01 23:14:32'),
(129, 6, 2, 'class', 'Lunch Research', 'Research project during lunch break.', '12:30:00', '13:30:00', 'Library', 1, 1, '2026-06-01 23:14:32', '2026-06-01 23:14:32'),
(130, 6, 2, 'visual', 'Solo Visual Practice', 'Self-recorded footage review. Analyzes her own form.', '16:30:00', '18:00:00', 'Practice Room 6', 1, 1, '2026-06-01 23:14:32', '2026-06-01 23:14:32'),
(131, 6, 3, 'class', 'Extended Self-Study', 'Long morning study session.', '08:00:00', '12:00:00', 'Library', 1, 1, '2026-06-01 23:14:32', '2026-06-01 23:14:32'),
(132, 6, 3, 'dance', 'Solo Dance Practice', 'Personal choreography drilling.', '16:30:00', '18:00:00', 'Practice Room 6', 1, 1, '2026-06-01 23:14:32', '2026-06-01 23:14:32'),
(133, 6, 4, 'class', 'Morning Research', 'Pre-lesson research session.', '08:00:00', '09:30:00', 'Library', 1, 1, '2026-06-01 23:14:32', '2026-06-01 23:14:32'),
(134, 6, 4, 'class', 'Lunch Reading', 'Reading during the lunch break.', '12:30:00', '13:30:00', 'Library', 1, 1, '2026-06-01 23:14:32', '2026-06-01 23:14:32'),
(135, 6, 5, 'class', 'Morning Self-Study', 'Pre-class study session.', '09:00:00', '12:00:00', 'Library', 1, 1, '2026-06-01 23:14:32', '2026-06-01 23:14:32'),
(136, 6, 5, 'practice', 'Late Solo Practice', 'Evening all-area practice. Quiet hours, fewer people.', '17:30:00', '19:00:00', 'Practice Room 6', 1, 1, '2026-06-01 23:14:32', '2026-06-01 23:14:32'),
(137, 6, 6, 'class', 'Research Day', 'Extended weekend research and reading.', '09:00:00', '13:00:00', 'Library', 1, 1, '2026-06-01 23:14:32', '2026-06-01 23:14:32'),
(138, 6, 6, 'practice', 'All-Area Solo Practice', 'Vocal/dance/visual cycling practice.', '14:30:00', '17:00:00', 'Practice Room 6', 1, 1, '2026-06-01 23:14:32', '2026-06-01 23:14:32'),
(139, 6, 7, 'rest', 'Rest Day', 'Quiet day. \"Rest\" still includes books, somehow.', '00:00:00', '23:59:59', '-', 1, 1, '2026-06-01 23:14:32', '2026-06-01 23:14:32'),
(140, 7, 1, 'meeting', 'Student Council Meeting', 'Weekly Monday morning council briefing.', '07:30:00', '08:30:00', 'Student Council Room', 1, 1, '2026-06-01 23:14:32', '2026-06-01 23:14:32'),
(141, 7, 1, 'practice', 'Piano Practice', 'Lifelong piano lessons from her upbringing.', '17:00:00', '18:00:00', 'Music Room', 1, 1, '2026-06-01 23:14:32', '2026-06-01 23:14:32'),
(142, 7, 2, 'practice', 'Tea Ceremony Practice', 'Traditional tea ceremony — part of her etiquette training.', '12:30:00', '13:30:00', 'Tea Room', 1, 1, '2026-06-01 23:14:32', '2026-06-01 23:14:32'),
(143, 7, 2, 'visual', 'Solo Visual Practice', 'Posing practice with focus on grace and poise.', '16:30:00', '17:30:00', 'Practice Room 7', 1, 1, '2026-06-01 23:14:32', '2026-06-01 23:14:32'),
(144, 7, 3, 'meeting', 'Student Council Lunch', 'Lunch meeting with council. Brings homemade snacks.', '12:30:00', '13:30:00', 'Student Council Room', 1, 1, '2026-06-01 23:14:32', '2026-06-01 23:14:32'),
(145, 7, 3, 'vocal', 'Solo Vocal Practice', 'Personal vocal training.', '17:00:00', '18:00:00', 'Practice Room 7', 1, 1, '2026-06-01 23:14:32', '2026-06-01 23:14:32'),
(146, 7, 4, 'dance', 'Solo Dance Practice', 'Morning dance practice before lessons.', '08:00:00', '09:30:00', 'Practice Room 7', 1, 1, '2026-06-01 23:14:32', '2026-06-01 23:14:32'),
(147, 7, 4, 'meeting', 'Student Council Event Prep', 'Event planning and council paperwork.', '16:30:00', '18:00:00', 'Student Council Room', 1, 1, '2026-06-01 23:14:32', '2026-06-01 23:14:32'),
(148, 7, 5, 'rest', 'Family Tea Time', 'Standing weekly call/meal with her family.', '08:00:00', '09:00:00', 'Dormitory', 1, 1, '2026-06-01 23:14:32', '2026-06-01 23:14:32'),
(149, 7, 5, 'practice', 'Solo Practice', 'Evening solo practice — usually vocal or visual.', '17:30:00', '18:30:00', 'Practice Room 7', 1, 1, '2026-06-01 23:14:32', '2026-06-01 23:14:32'),
(150, 7, 6, 'meeting', 'Council Charity Event', 'Volunteer/charity event organized by Student Council.', '10:00:00', '13:00:00', 'Off-campus', 1, 1, '2026-06-01 23:14:32', '2026-06-01 23:14:32'),
(151, 7, 6, 'dance', 'Solo Dance Practice', 'Weekend choreography practice.', '15:00:00', '16:30:00', 'Practice Room 7', 1, 1, '2026-06-01 23:14:32', '2026-06-01 23:14:32'),
(152, 7, 7, 'rest', 'Rest Day', 'Full rest day. Often spent with family.', '00:00:00', '23:59:59', '-', 1, 1, '2026-06-01 23:14:32', '2026-06-01 23:14:32'),
(153, 8, 1, 'vocal', 'Academy Vocal Lesson', 'Group vocal training class (1-2).', '14:00:00', '16:00:00', 'Vocal Studio B', 1, 1, '2026-06-01 23:19:17', '2026-06-01 23:19:17'),
(154, 9, 1, 'vocal', 'Academy Vocal Lesson', 'Group vocal training class (1-2).', '14:00:00', '16:00:00', 'Vocal Studio B', 1, 1, '2026-06-01 23:19:17', '2026-06-01 23:19:17'),
(155, 8, 2, 'class', 'Academic Class', 'Class 1-2 regular school lessons.', '09:00:00', '12:00:00', 'Classroom 1-2', 1, 1, '2026-06-01 23:19:17', '2026-06-01 23:19:17'),
(156, 9, 2, 'class', 'Academic Class', 'Class 1-2 regular school lessons.', '09:00:00', '12:00:00', 'Classroom 1-2', 1, 1, '2026-06-01 23:19:17', '2026-06-01 23:19:17'),
(157, 8, 2, 'dance', 'Academy Dance Lesson', 'Group dance training class (1-2).', '14:00:00', '16:00:00', 'Dance Studio 2', 1, 1, '2026-06-01 23:19:17', '2026-06-01 23:19:17'),
(158, 9, 2, 'dance', 'Academy Dance Lesson', 'Group dance training class (1-2).', '14:00:00', '16:00:00', 'Dance Studio 2', 1, 1, '2026-06-01 23:19:17', '2026-06-01 23:19:17'),
(159, 8, 3, 'visual', 'Academy Visual Lesson', 'Group visual expression class (1-2).', '14:00:00', '16:00:00', 'Visual Studio B', 1, 1, '2026-06-01 23:19:17', '2026-06-01 23:19:17'),
(160, 9, 3, 'visual', 'Academy Visual Lesson', 'Group visual expression class (1-2).', '14:00:00', '16:00:00', 'Visual Studio B', 1, 1, '2026-06-01 23:19:17', '2026-06-01 23:19:17'),
(161, 8, 4, 'dance', 'Academy Dance Lesson', 'Group dance training class (1-2).', '10:00:00', '12:00:00', 'Dance Studio 2', 1, 1, '2026-06-01 23:19:17', '2026-06-01 23:19:17'),
(162, 9, 4, 'dance', 'Academy Dance Lesson', 'Group dance training class (1-2).', '10:00:00', '12:00:00', 'Dance Studio 2', 1, 1, '2026-06-01 23:19:17', '2026-06-01 23:19:17'),
(163, 8, 4, 'visual', 'Academy Visual Lesson', 'Group visual expression class (1-2).', '14:00:00', '16:00:00', 'Visual Studio B', 1, 1, '2026-06-01 23:19:17', '2026-06-01 23:19:17'),
(164, 9, 4, 'visual', 'Academy Visual Lesson', 'Group visual expression class (1-2).', '14:00:00', '16:00:00', 'Visual Studio B', 1, 1, '2026-06-01 23:19:17', '2026-06-01 23:19:17'),
(165, 8, 5, 'class', 'Academic Class', 'Class 1-2 regular school lessons.', '13:00:00', '15:00:00', 'Classroom 1-2', 1, 1, '2026-06-01 23:19:17', '2026-06-01 23:19:17'),
(166, 9, 5, 'class', 'Academic Class', 'Class 1-2 regular school lessons.', '13:00:00', '15:00:00', 'Classroom 1-2', 1, 1, '2026-06-01 23:19:17', '2026-06-01 23:19:17'),
(167, 8, 5, 'vocal', 'Academy Vocal Lesson', 'Group vocal training class (1-2).', '15:00:00', '17:00:00', 'Vocal Studio B', 1, 1, '2026-06-01 23:19:17', '2026-06-01 23:19:17'),
(168, 9, 5, 'vocal', 'Academy Vocal Lesson', 'Group vocal training class (1-2).', '15:00:00', '17:00:00', 'Vocal Studio B', 1, 1, '2026-06-01 23:19:17', '2026-06-01 23:19:17'),
(169, 8, 1, 'meeting', 'Student Council Meeting', 'Weekly Monday morning council briefing.', '07:30:00', '08:30:00', 'Student Council Room', 1, 1, '2026-06-01 23:19:17', '2026-06-01 23:19:17'),
(170, 9, 1, 'meeting', 'Student Council Meeting', 'Weekly Monday morning council briefing.', '07:30:00', '08:30:00', 'Student Council Room', 1, 1, '2026-06-01 23:19:17', '2026-06-01 23:19:17'),
(171, 8, 3, 'meeting', 'Student Council Lunch', 'Lunch meeting with council.', '12:30:00', '13:30:00', 'Student Council Room', 1, 1, '2026-06-01 23:19:17', '2026-06-01 23:19:17'),
(172, 9, 3, 'meeting', 'Student Council Lunch', 'Lunch meeting with council.', '12:30:00', '13:30:00', 'Student Council Room', 1, 1, '2026-06-01 23:19:17', '2026-06-01 23:19:17'),
(173, 8, 4, 'meeting', 'Student Council Event Prep', 'Event planning and council paperwork.', '16:30:00', '18:00:00', 'Student Council Room', 1, 1, '2026-06-01 23:19:17', '2026-06-01 23:19:17'),
(174, 9, 4, 'meeting', 'Student Council Event Prep', 'Event planning and council paperwork.', '16:30:00', '18:00:00', 'Student Council Room', 1, 1, '2026-06-01 23:19:17', '2026-06-01 23:19:17'),
(175, 8, 6, 'meeting', 'Council Charity Event', 'Volunteer/charity event organized by Student Council.', '10:00:00', '13:00:00', 'Off-campus', 1, 1, '2026-06-01 23:19:17', '2026-06-01 23:19:17'),
(176, 9, 6, 'meeting', 'Council Charity Event', 'Volunteer/charity event organized by Student Council.', '10:00:00', '13:00:00', 'Off-campus', 1, 1, '2026-06-01 23:19:17', '2026-06-01 23:19:17'),
(177, 8, 1, 'training', 'Morning Run', 'Daily run. Refuses to be outpaced by Saki.', '06:00:00', '07:00:00', 'Academy Grounds', 1, 1, '2026-06-01 23:19:17', '2026-06-01 23:19:17'),
(178, 8, 1, 'dance', 'Solo Dance Practice', 'Cute & energetic choreography drilling.', '09:30:00', '11:30:00', 'Practice Room 8', 1, 1, '2026-06-01 23:19:17', '2026-06-01 23:19:17'),
(179, 8, 1, 'training', 'Strength Training', 'Evening workout. Mirrors Saki\'s routine (don\'t tell her).', '16:30:00', '17:30:00', 'Gym', 1, 1, '2026-06-01 23:19:17', '2026-06-01 23:19:17'),
(180, 8, 2, 'training', 'Morning Run', 'Daily run.', '06:00:00', '07:00:00', 'Academy Grounds', 1, 1, '2026-06-01 23:19:17', '2026-06-01 23:19:17'),
(181, 8, 2, 'vocal', 'Solo Vocal Practice', 'Personal vocal warmups.', '16:30:00', '17:30:00', 'Practice Room 8', 1, 1, '2026-06-01 23:19:17', '2026-06-01 23:19:17'),
(182, 8, 3, 'training', 'Morning Run', 'Daily run.', '06:00:00', '07:00:00', 'Academy Grounds', 1, 1, '2026-06-01 23:19:17', '2026-06-01 23:19:17'),
(183, 8, 3, 'visual', 'Solo Visual Practice', 'Posing practice — cute energy.', '09:30:00', '11:30:00', 'Practice Room 8', 1, 1, '2026-06-01 23:19:17', '2026-06-01 23:19:17'),
(184, 8, 3, 'training', 'Strength Training', 'Mid-week conditioning.', '16:30:00', '17:30:00', 'Gym', 1, 1, '2026-06-01 23:19:17', '2026-06-01 23:19:17'),
(185, 8, 4, 'training', 'Morning Run', 'Daily run.', '06:00:00', '07:00:00', 'Academy Grounds', 1, 1, '2026-06-01 23:19:17', '2026-06-01 23:19:17'),
(186, 8, 4, 'vocal', 'Solo Vocal Practice', 'Pre-lesson vocal warmups.', '08:00:00', '09:30:00', 'Practice Room 8', 1, 1, '2026-06-01 23:19:17', '2026-06-01 23:19:17'),
(187, 8, 5, 'training', 'Morning Run', 'Daily run.', '06:00:00', '07:00:00', 'Academy Grounds', 1, 1, '2026-06-01 23:19:17', '2026-06-01 23:19:17'),
(188, 8, 5, 'dance', 'Solo Dance Practice', 'Morning choreography review.', '09:00:00', '11:30:00', 'Practice Room 8', 1, 1, '2026-06-01 23:19:17', '2026-06-01 23:19:17'),
(189, 8, 6, 'training', 'Morning Run', 'Daily run.', '06:00:00', '07:00:00', 'Academy Grounds', 1, 1, '2026-06-01 23:19:17', '2026-06-01 23:19:17'),
(190, 8, 6, 'training', 'Sister Sparring', 'Friendly competition with Saki Hanami. Never actually friendly.', '07:30:00', '09:30:00', 'Multipurpose Hall', 1, 1, '2026-06-01 23:19:17', '2026-06-01 23:19:17'),
(191, 8, 6, 'dance', 'Solo Dance Practice', 'Afternoon solo dance after the charity event.', '14:00:00', '15:30:00', 'Practice Room 8', 1, 1, '2026-06-01 23:19:17', '2026-06-01 23:19:17'),
(192, 8, 7, 'rest', 'Rest Day', 'Rest day. Will absolutely still go running. Sibling habits.', '00:00:00', '23:59:59', '-', 1, 1, '2026-06-01 23:19:17', '2026-06-01 23:19:17'),
(193, 9, 1, 'rest', 'Morning Nap', 'Post-council nap. The morning meeting was exhausting.', '09:00:00', '13:00:00', 'Dormitory', 1, 1, '2026-06-01 23:19:17', '2026-06-01 23:19:17'),
(194, 9, 2, 'rest', 'Lunch Nap', 'Standard between-classes nap.', '12:30:00', '13:30:00', 'Dormitory', 1, 1, '2026-06-01 23:19:17', '2026-06-01 23:19:17'),
(195, 9, 3, 'practice', 'Light Solo Practice', 'Brief practice between naps. Surprisingly skilled when awake.', '10:30:00', '11:30:00', 'Practice Room 9', 1, 1, '2026-06-01 23:19:17', '2026-06-01 23:19:17'),
(196, 9, 3, 'rest', 'Evening Nap', 'After-lesson recovery nap.', '16:30:00', '18:00:00', 'Dormitory', 1, 1, '2026-06-01 23:19:17', '2026-06-01 23:19:17'),
(197, 9, 4, 'rest', 'Lunch Nap', 'Between dance and visual. Critical nap window.', '12:30:00', '13:30:00', 'Dormitory', 1, 1, '2026-06-01 23:19:17', '2026-06-01 23:19:17'),
(198, 9, 5, 'practice', 'Late Morning Practice', 'Reluctant solo practice before lunch.', '11:00:00', '12:00:00', 'Practice Room 9', 1, 1, '2026-06-01 23:19:17', '2026-06-01 23:19:17'),
(199, 9, 5, 'rest', 'Evening Nap', 'End-of-week nap. Earned, in her opinion.', '17:30:00', '19:00:00', 'Dormitory', 1, 1, '2026-06-01 23:19:17', '2026-06-01 23:19:17'),
(200, 9, 6, 'rest', 'Afternoon Nap', 'Post-charity-event nap. The volunteering wore her out.', '13:30:00', '16:00:00', 'Dormitory', 1, 1, '2026-06-01 23:19:17', '2026-06-01 23:19:17'),
(201, 9, 7, 'rest', 'Rest Day', 'Full rest day. The one day everyone agrees she should be sleeping.', '00:00:00', '23:59:59', '-', 1, 1, '2026-06-01 23:19:17', '2026-06-01 23:19:17');

--
-- Dumping data for table `songs`
--

INSERT INTO `songs` (`id`, `title`, `title_jp`, `artist`, `duration`, `release_date`, `notes`, `created_by`, `created_at`, `updated_at`) VALUES
(1, 'Fighting My Way', 'Fighting My Way', 'Saki Hanami', '00:03:21', '2024-05-16', 'Saki Hanami\'s debut solo song. Lyrics: HIROMI. Composition & arrangement: Giga. Performed in 定期公演『初』.', 1, '2026-05-27 13:20:33', '2026-05-27 13:20:33'),
(2, 'Luna say maybe', 'Luna say maybe', 'Temari Tsukimura', '00:04:25', '2024-05-16', 'Temari Tsukimura\'s debut solo song and signature track. Lyrics & composition: Minami (美波). Arrangement: Minami & Katsuhiro Mafune. Performed in the produce scenario \"Teiki Kouen Hatsu\" (定期公演『初』). ', 1, '2026-05-27 13:20:33', '2026-05-27 13:20:33'),
(3, 'Sekai Ichi Kawaii Watashi', '世界一可愛い私', 'Kotone Fujita', '00:03:59', '2024-05-16', 'Kotone Fujita\'s debut solo song. Lyrics, composition, and arrangement all by HoneyWorks — the duo behind the wildly popular \"Kokuhaku Jikkou Iinkai\" (Confession Executive Committee) series. ', 1, '2026-05-27 13:20:33', '2026-05-27 13:20:33');

--
-- Dumping data for table `students`
--

INSERT INTO `students` (`id`, `user_id`, `name`, `name_jp`, `birthday`, `blood_type`, `height`, `hometown`, `school_year`, `rank`, `vocal`, `dance`, `visual`, `bio`, `theme_primary_color`, `theme_secondary_color`, `producer_id`, `created_at`, `updated_at`) VALUES
(1, 5, 'Saki Hanami', '花海 咲季', '2000-04-02', 'A', 152, 'Aichi', 'Class 1-1', 'Debut', 75, 75, 80, 'A new student who topped the entrance exam and a fierce ex-athlete with an unshakeable hatred of losing. A child prodigy since youth—quick to learn, skilled at everything she tries. She\'s extremely close with her younger sister Ume Hanami, but they\'re also lifelong rivals who have competed in every sport imaginable. Saki rates Ume\'\'s talent higher than anyone else\'s and fears it.\r\n', '#E30F25', '#FAD0D4', 1, '2026-05-26 13:13:20', '2026-05-27 15:57:18'),
(2, 6, 'Temari Tsukimura', '月村 手毬', '2000-06-03', 'AB', 162, 'Kyoto', 'Class 1-1', 'Debut', 75, 65, 55, 'A former elite middle-school idol, once called the #1 idol of her grade. Appears cool, stoic, and sarcastic on the surface but is secretly a lazy, spoiled troublemaker—a girl with two sides. She aims for the top to break away from the self she dislikes and learn to love herself. ', '#0C7BBB', '#CEE5F1', 1, '2026-05-26 13:13:20', '2026-05-27 16:43:30'),
(3, 7, 'Kotone Fujita', '藤田 ことね', '2000-04-29', 'O', 156, 'Saitama', 'Class 1-1', 'Debut', 65, 55, 75, 'A greedy girl who dreams of becoming \"an idol who can make money.\" She sees idol work as her one shot at turning her life around. Her grades are poor and her self-esteem is low overall, but she has full confidence in her cute face. She\'s a little uncomfortable around the student council president Sena, who keeps overestimating her for some reason.\r\n', '#F8C112', '#FEF3CF', 1, '2026-05-26 13:13:20', '2026-05-27 16:47:09'),
(4, 8, 'Lilja Katsuragi', '葛城 リーリヤ', '2000-07-24', 'B', 161, 'Sweden', 'Class 1-1', 'Debut', 55, 55, 65, 'An exchange student from overseas with no prior singing or dancing experience, who is always shrinking back as if she had no confidence. She doesn\'t look talented at first glance, but her admiration for idols is genuine, and she is an incredibly hard worker. Her father is Japanese, so she speaks the language fluently. She has a promise with her best friend Sumika to stand on the same stage together one day—the reason she enrolled at Hatsuboshi Academy. ', '#7DC4D4', '#EAFDFF', 1, '2026-05-28 17:43:41', '2026-05-28 17:56:05'),
(5, 9, 'Sumika Shiun', '紫雲 清夏', '2000-11-11', 'O', 168, 'Hokkaido', 'Class 1-1', 'Debut', 65, 55, 65, 'A laid-back gyaru who skips class and lessons—a bit of an unserious slacker, but genuinely bright, cheerful, and able to get along with anyone, which is her real charm. She once had a celebrated ballet career and was expected to go far on the world stage, but she has no motivation for it anymore. She wholeheartedly cheers on her best friend Lilja, who is earnestly chasing her idol dream. ', '#7CFC00', '#D6FFB3', 1, '2026-05-28 17:43:41', '2026-05-28 17:58:33'),
(6, 10, 'Hiro Shinosawa', '篠澤 広', '2000-12-21', 'AB', 159, 'Akita', 'Class 1-2', 'Debut', 55, 55, 60, 'A mysterious genius girl. Dissatisfied with days that are too easy and boring, she enrolled at Hatsuboshi Academy specifically to challenge her weakest areas. A true eccentric who finds joy in \"harsh, painful lessons\" and \"things that don\'t go well.\" Her reason for becoming an idol is \"because it seems like the thing I\'d be worst at.\" Despite her brilliant mind, she has extreme stamina and muscle deficits—even basic lessons leave her unsteady on her feet.\r\n', '#00AFCC', '#BFEAF2', 1, '2026-05-28 17:43:41', '2026-05-28 17:58:33'),
(7, 11, 'China Kuramoto', '倉本 千奈', '2000-08-01', 'O', 148, 'Kanagawa', 'Class 1-2', 'Debut', 55, 55, 60, 'A genuine, spoiled-rotten young lady (お嬢様) raised with every privilege. A cheerful, innocent girl who enrolled at Hatsuboshi dreaming of becoming \"a proper, splendid idol.\" Her actual ability level, by her own admission, is \"definitely dead last among the entire student body!\" Her sheltered upbringing has left her sweet, polite, and earnest—but completely behind her classmates in raw skill, which she takes in stride with her trademark \"Well then, I\'ll just have to do my best, won\'t I!\" attitude.\r\n', '#F68B1F', '#FCE0C5', 1, '2026-05-28 17:43:41', '2026-05-28 17:58:33'),
(8, 12, 'Ume Hanami', '花海 佑芽', '2000-04-01', 'AB', 158, 'Aichi', 'Class 1-2', 'Debut', 50, 60, 60, '\'A supplementary-entry new student. Energetic to the core, with exceptional physical ability from her background as a former athlete. She absolutely adores her older sister Saki — she respects her with all her heart, treats her as her ultimate rival, and holds her up as the goal she\'s aiming for. Through Saki\'s devoted support, Ume gradually blossoms her own idol talent. \r\n', '#EA533A', '#FAD4CB', 1, '2026-05-28 17:43:41', '2026-05-28 17:58:33'),
(9, 13, 'Misuzu Hataya', '秦谷 美鈴', '2000-02-06', 'B', 160, 'Kyoto', 'Class 1-2', 'Debut', 65, 70, 80, 'A languid, easygoing girl who moves at her own pace. Sweet and indulgent to both herself and others, she loves taking care of people and spoiling them. Her childhood friend Temari Tsukimura — whom she calls \"Mari-chan\" — she treats like a little sister or daughter she needs to cherish and protect. A Kyoto native and former member of the elite middle-school unit \"SyngUp!\" alongside Temari. Sleeps constantly — at every opportunity.\r\n', '#7A99CF', '#D8E0EF', 1, '2026-05-28 17:43:41', '2026-05-28 17:58:33');

--
-- Dumping data for table `student_songs`
--

INSERT INTO `student_songs` (`id`, `student_id`, `song_id`, `added_by`, `added_at`) VALUES
(1, 1, 1, 1, '2026-05-27 13:20:33'),
(2, 2, 2, 1, '2026-05-27 13:20:33'),
(3, 3, 3, 1, '2026-05-27 13:20:33');

--
-- Dumping data for table `teachers`
--

INSERT INTO `teachers` (`id`, `user_id`, `name`, `specialty`) VALUES
(1, 2, 'Vocal Trainer', 'vocal'),
(2, 3, 'Dance Trainer', 'dance'),
(3, 4, 'Visual Trainer', 'visual');

--
-- Dumping data for table `users`
--

INSERT INTO `users` (`id`, `username`, `password`, `role`, `avatar`, `is_active`, `created_at`, `updated_at`, `last_login`) VALUES
(1, 'Producer', '$2y$10$7BFxM6RgeDvBv6kDTKovuuIdwTzQBM4l1sI2EcNoeHa94mU0y/OM2', 'producer', NULL, 1, '2026-05-26 13:10:43', '2026-05-28 16:41:57', '2026-05-28 16:41:57'),
(2, 'Vocal Trainer', '$2y$10$mfACa/WYxB5KtG.u/sz0NOsEavc0F8j7fR.Zf/PF9hcEl7gdLMNdK', 'teacher', NULL, 1, '2026-05-26 13:11:33', '2026-05-27 11:39:47', NULL),
(3, 'Dance Trainer', '$2y$10$t9sRByIWadz.sKik8/7BCeBHMW8S.QZjUqdFzjr2seuuDd3Qx7dMi', 'teacher', NULL, 1, '2026-05-26 13:11:56', '2026-05-28 16:42:24', '2026-05-28 16:42:24'),
(4, 'Visual Trainer', '$2y$10$bGNC.jMo6tcO1e0f6A0q5erVt6QZ2LbnR4kS1AD47.vwZW0J3GQV6', 'teacher', NULL, 1, '2026-05-26 13:12:30', '2026-05-27 11:40:41', NULL),
(5, 'Saki Hanami', '$2y$10$ff9abDr59dXAcmMgP6QO3uqs90jpoKPhk3xs8sS5zY3kISRRDVyV6', 'student', 'Saki Hanami.png', 1, '2026-05-26 13:13:13', '2026-06-03 08:06:06', '2026-06-03 08:06:06'),
(6, 'Temari Tsukimura', '$2y$10$iSoM6ouEBxTnTSw1CXHFKe89P9Lat.OcPxFayJwF8Y9xNkFjBLrlm', 'student', 'Temari Tsukimura.png', 1, '2026-05-26 13:13:13', '2026-06-03 08:06:26', '2026-06-03 08:06:26'),
(7, 'Kotone Fujita', '$2y$10$b0uAqh6CXeKP3rxgJbKpC.4W2fcJKUEO/qD19wI7P9zfkRx66NYRC', 'student', 'Kotone Fujita.png', 1, '2026-05-26 13:13:13', '2026-05-28 15:58:24', '2026-05-28 15:58:24'),
(8, 'Lilja Katsuragi', '$2y$10$U0wQB4kmtvPYWWQX.9oi0OJ60HDhnd/yf.tuf71exJ8MoG8xS0FVa', 'student', 'Lilja Katsuragi.png', 1, '2026-05-26 13:13:13', '2026-05-29 22:19:17', '2026-05-29 22:19:17'),
(9, 'Sumika Shiun', '$2y$10$XWAu/FVsR0m4XnA9srsx7ev50L3zAlz0qQViMwbhYzSDkRh0KF6cO', 'student', 'Sumika Shiun.png', 1, '2026-05-26 13:13:13', '2026-06-01 19:44:53', '2026-06-01 19:44:53'),
(10, 'Hiro Shinosawa', '$2y$10$yw50phXBAJaDziCBQu8ul.P/V5GmB5qKyObADsMOiw5nMBEfly4o2', 'student', 'Hiro Shinosawa.png', 1, '2026-05-26 13:13:13', '2026-06-01 22:56:19', '2026-06-01 22:56:19'),
(11, 'China Kuramoto', '$2y$10$kFyzwQwuqHfCPtRN3f4N/uIbqFxw9efSIbK3GEcHjpRK3Vw7QE2jy', 'student', 'China Kuramoto.png', 1, '2026-05-26 13:13:13', '2026-06-01 23:24:44', '2026-06-01 23:24:44'),
(12, 'Ume Hanami', '$2y$10$v48vl/ymkgldjh/sUGwPHusiC7iBAahdLG4ynPeWTGjI.MCfn2Wvq', 'student', 'Ume Hanami.png', 1, '2026-05-26 13:13:13', '2026-06-02 09:16:05', '2026-06-02 09:16:05'),
(13, 'Misuzu Hataya', '$2y$10$o5HsBq.D2KCvw7/nTI6j3.Oauif4UvvViRtc3ntYj7O9JHQ2OoWv6', 'student', 'Misuzu Hataya.png', 1, '2026-05-26 13:13:13', '2026-06-02 09:16:31', '2026-06-02 09:16:31'),
(14, 'Mao Arimura', '$2y$10$k5WzxPeI8a9aX45ap/4nZ.a5gWd9dqCUbxYQtQKdf5nOHOB57hMIO', 'student', 'Mao Arimura.png', 1, '2026-05-26 13:13:13', '2026-06-01 22:59:58', '2026-06-01 19:44:53'),
(15, 'Rinami Himesaki', '$2y$10$Mc/amUU4R6ORKAqyn6WMt.S3EcLbF5jxjIq8c83h6D0kElQpB/XZW', 'student', 'Rinami Himesaki.png', 1, '2026-05-26 13:13:13', '2026-06-01 23:00:21', '2026-06-01 19:44:53'),
(16, 'Sena Juo', '$2y$10$9w5AtEo39Z/d6j516qa7g.dFqvnHdZ9Dvgn9Qdlue.tlcT76MSMsm', 'student', 'Sena Juo.png', 1, '2026-05-26 13:13:13', '2026-06-01 23:00:42', '2026-06-01 19:44:53'),
(17, 'Tsubame Amaya', '$2y$10$UIL5Hsv5tvvU27ie5Fvu9.DGDlnO8OMMzoUQaJ7ivZESs0Hhn1yJi', 'student', 'Tsubame Amaya.png', 1, '2026-05-26 13:13:13', '2026-06-01 23:01:02', '2026-06-01 19:44:53');
SET FOREIGN_KEY_CHECKS = 1;
COMMIT;

/*!40101 SET CHARACTER_SET_CLIENT=@OLD_CHARACTER_SET_CLIENT */;
/*!40101 SET CHARACTER_SET_RESULTS=@OLD_CHARACTER_SET_RESULTS */;
/*!40101 SET COLLATION_CONNECTION=@OLD_COLLATION_CONNECTION */;
